Student Id,Student Grade,Gender,Ethnic Name,Student Age,Meal Status Code,Student Status Current,Entry Date - E/W,Entry Code - E/W,Unexcused,Excused,L-1,L-2,L-3,L-4,Local,Transportation 1,Transportation 2,Transportation 3,Full School Year Days,Report School Days,Excused Absences Adjusted to 170-Day Year,Unexcused Absences Adjusted to 170-Day Year,Excused Absence %,Unexcused Absence %,Total Absences,Total Absences Adjusted to 170-Day Year,Total Absence %
600407909 ,04,Female,NonBlack,10,05   ,A,45887.0,R    ,9.0,1.0,0,0,0,0,0,0,0,0,170,170,1,9,0.59,5.29,10,10,5.88
600412790 ,KF,Female,NonBlack,6,05   ,A,45889.0,R    ,16.0,5.0,0,0,0,0,0,0,0,0,170,170,5,16,2.94,9.41,21,21,12.35
600412645 ,KF,Female,Black   ,6,05   ,A,45887.0,R    ,18.0,0.0,0.0,0.0,0.0,0.0,0.0,0.0,1.0,0.0,170,170,0,18,0,10.59,18,18,10.59
600410029 ,02,Male  ,NonBlack,8,05   ,A,45887.0,R    ,6.0,1.0,0,0,0,0,0,0,0,0,170,170,1,6,0.59,3.53,7,7,4.12
600407443 ,04,Male  ,NonBlack,10,05   ,A,45887.0,R    ,6.0,3.0,0,0,0,0,0,0,0,0,170,170,3,6,1.76,3.53,9,9,5.29
600411842 ,04,Male  ,Black   ,10,04   ,A,45887.0,R    ,1.0,1.0,0,0,0,0,0,0,0,0,170,170,1,1,0.59,0.59,2,2,1.18
600407552 ,04,Female,Black   ,10,04   ,A,45887.0,R    ,3.0,0.0,0,0,0,0,0,0,0,0,170,170,0,3,0,1.76,3,3,1.76
600411840 ,05,Male  ,Black   ,11,04   ,A,45888.0,R    ,0,0,0,0,0,0,0,0,0,0,170,170,0,0,0,0,0,0,0
600407464 ,02,Male  ,Black   ,8,04   ,A,45887.0,R    ,3.0,0.0,0.0,0.0,0.0,0.0,0.0,0.0,1.0,0.0,170,170,0,3,0,1.76,3,3,1.76
600411204 ,01,Male  ,NonBlack,7,05   ,A,45887.0,R    ,7.0,9.0,0,0,0,0,0,0,0,0,170,170,9,7,5.29,4.12,16,16,9.41
600409346 ,03,Male  ,NonBlack,8,05   ,A,45887.0,R    ,25.0,8.0,0,0,0,0,0,0,0,0,170,170,8,25,4.71,14.71,33,33,19.41
600408737 ,01,Female,Black   ,7,04   ,A,45887.0,R    ,28.0,2.0,0.0,0.0,1.0,0.0,0.0,0.0,1.0,0.0,170,170,2,28,1.18,16.47,30,30,17.65
600407766 ,04,Male  ,Black   ,10,03   ,A,45887.0,R    ,2.0,5.0,0,0,0,0,0,0,0,0,170,170,5,2,2.94,1.18,7,7,4.12
600408608 ,03,Male  ,NonBlack,9,03   ,A,45887.0,R    ,10.0,2.0,0,0,0,0,0,0,0,0,170,170,2,10,1.18,5.88,12,12,7.06
600408647 ,03,Male  ,Black   ,9,04   ,A,45887.0,R    ,2.0,1.0,0,0,0,0,0,0,0,0,170,170,1,2,0.59,1.18,3,3,1.76
600413172 ,02,Male  ,NonBlack,8,05   ,A,46101.0,C    ,0,0,0,0,0,0,0,0,0,0,170,170,0,0,0,0,0,0,0
600410841 ,02,Female,NonBlack,7,01   ,A,45887.0,R    ,7.0,0.0,0,0,0,0,0,0,0,0,170,170,0,7,0,4.12,7,7,4.12
600411514 ,01,Female,NonBlack,7,03   ,A,45887.0,R    ,6.0,1.0,0,0,0,0,0,0,0,0,170,170,1,6,0.59,3.53,7,7,4.12
600412776 ,KF,Male  ,NonBlack,6,03   ,A,45887.0,R    ,82.0,0.0,0.0,2.0,6.0,0.0,0.0,0.0,0.0,0.0,170,170,0,82,0,48.24,82,82,48.24
600413198 ,01,Female,NonBlack,7,03   ,A,46115.0,C    ,0,0,0,0,0,0,0,0,0,0,170,170,0,0,0,0,0,0,0
600413199 ,05,Male  ,NonBlack,11,03   ,A,46115.0,C    ,1.0,0.0,0,0,0,0,0,0,0,0,170,170,0,1,0,0.59,1,1,0.59
600410518 ,02,Male  ,Black   ,7,04   ,A,45888.0,R    ,10.0,6.0,0.0,1.0,1.0,0.0,0.0,0.0,0.0,0.0,170,170,6,10,3.53,5.88,16,16,9.41
600409315 ,03,Male  ,Black   ,9,04   ,A,45904.0,R    ,18.0,0.0,0.0,1.0,1.0,0.0,0.0,0.0,0.0,0.0,170,170,0,18,0,10.59,18,18,10.59
600411679 ,KF,Female,NonBlack,6,01   ,A,45887.0,R    ,6.0,5.0,0,0,0,0,0,0,0,0,170,170,5,6,2.94,3.53,11,11,6.47
600403449 ,04,Male  ,NonBlack,11,04   ,A,45887.0,R    ,7.0,0.0,0,0,0,0,0,0,0,0,170,170,0,7,0,4.12,7,7,4.12
600408783 ,04,Male  ,NonBlack,10,03   ,A,45887.0,R    ,4.0,2.0,0,0,0,0,0,0,0,0,170,170,2,4,1.18,2.35,6,6,3.53
600412438 ,01,Male  ,NonBlack,7,04   ,A,45887.0,R    ,11.0,0.0,0,0,0,0,0,0,0,0,170,170,0,11,0,6.47,11,11,6.47
600411600 ,01,Male  ,NonBlack,7,06   ,A,45887.0,R    ,58.0,6.0,0.0,0.0,1.0,0.0,0.0,0.0,0.0,0.0,170,170,6,58,3.53,34.12,64,64,37.65
600412440 ,04,Male  ,NonBlack,10,04   ,A,45887.0,R    ,64.0,8.0,1.0,3.0,1.0,0.0,0.0,0.0,3.0,0.0,170,170,8,64,4.71,37.65,72,72,42.35
600412439 ,03,Male  ,NonBlack,8,04   ,A,45887.0,R    ,12.0,0.0,1.0,2.0,2.0,0.0,0.0,0.0,2.0,0.0,170,170,0,12,0,7.06,12,12,7.06
600406445 ,03,Male  ,Black   ,9,05   ,A,45887.0,R    ,6.0,0.0,0.0,0.0,1.0,0.0,0.0,0.0,0.0,0.0,170,170,0,6,0,3.53,6,6,3.53
600411459 ,02,Female,Black   ,8,04   ,A,45887.0,R    ,12.0,1.0,0,0,0,0,0,0,0,0,170,170,1,12,0.59,7.06,13,13,7.65
600410364 ,02,Male  ,NonBlack,8,01   ,A,45887.0,R    ,7.0,0.0,0.0,0.0,1.0,0.0,0.0,0.0,0.0,0.0,170,170,0,7,0,4.12,7,7,4.12
600408733 ,04,Female,NonBlack,9,03   ,A,45887.0,R    ,10.0,0.0,0,0,0,0,0,0,0,0,170,170,0,10,0,5.88,10,10,5.88
600411651 ,01,Male  ,NonBlack,7,03   ,A,45887.0,R    ,11.0,1.0,0,0,0,0,0,0,0,0,170,170,1,11,0.59,6.47,12,12,7.06
600411650 ,01,Male  ,NonBlack,7,03   ,A,45887.0,R    ,10.0,0.0,0,0,0,0,0,0,0,0,170,170,0,10,0,5.88,10,10,5.88
600410859 ,05,Female,Black   ,11,04   ,A,45887.0,R    ,17.0,0.0,0.0,0.0,1.0,0.0,0.0,0.0,0.0,0.0,170,170,0,17,0,10,17,17,10
600407772 ,04,Female,NonBlack,10,05   ,A,45887.0,R    ,19.0,5.0,0,0,0,0,0,0,0,0,170,170,5,19,2.94,11.18,24,24,14.12
600402601 ,05,Male  ,NonBlack,12,05   ,A,45887.0,R    ,11.0,0.0,0,0,0,0,0,0,0,0,170,170,0,11,0,6.47,11,11,6.47
600412869 ,01,Male  ,Black   ,7,04   ,A,46059.0,R    ,32.0,4.0,0,0,0,0,0,0,0,0,170,170,4,32,2.35,18.82,36,36,21.18
600412870 ,03,Female,Black   ,9,04   ,A,45915.0,R    ,19.0,0.0,0,0,0,0,0,0,0,0,170,170,0,19,0,11.18,19,19,11.18
600410122 ,KF,Male  ,Black   ,6,04   ,A,45887.0,R    ,7.0,2.0,0,0,0,0,0,0,0,0,170,170,2,7,1.18,4.12,9,9,5.29
600413014 ,01,Female,NonBlack,7,04   ,A,45993.0,R    ,6.0,0.0,0,0,0,0,0,0,0,0,170,170,0,6,0,3.53,6,6,3.53
600409878 ,KF,Female,NonBlack,6,05   ,A,45887.0,R    ,10.0,4.0,0,0,0,0,0,0,0,0,170,170,4,10,2.35,5.88,14,14,8.24
600409915 ,KF,Female,Black   ,6,03   ,A,45887.0,R    ,5.0,0.0,0,0,0,0,0,0,0,0,170,170,0,5,0,2.94,5,5,2.94
600408347 ,02,Male  ,Black   ,8,03   ,A,45887.0,R    ,0.0,0.0,0,0,0,0,0,0,0,0,170,170,0,0,0,0,0,0,0
600411693 ,02,Male  ,Black   ,8,04   ,A,45887.0,S    ,2.0,1.0,0.0,1.0,0.0,0.0,0.0,0.0,0.0,0.0,170,170,1,2,0.59,1.18,3,3,1.76
600410082 ,02,Male  ,Black   ,8,04   ,A,45887.0,R    ,5.0,0.0,0,0,0,0,0,0,0,0,170,170,0,5,0,2.94,5,5,2.94
600413210 ,01,Male  ,Black   ,7,03   ,A,46125.0,C    ,1.0,0.0,0,0,0,0,0,0,0,0,170,170,0,1,0,0.59,1,1,0.59
600413209 ,01,Male  ,Black   ,7,03   ,A,46125.0,C    ,0,0,0,0,0,0,0,0,0,0,170,170,0,0,0,0,0,0,0
600407750 ,04,Male  ,NonBlack,11,05   ,A,45887.0,R    ,6.0,5.0,0.0,0.0,1.0,0.0,0.0,0.0,0.0,0.0,170,170,5,6,2.94,3.53,11,11,6.47
600409226 ,03,Male  ,NonBlack,9,05   ,A,45887.0,R    ,18.0,6.0,0,0,0,0,0,0,0,0,170,170,6,18,3.53,10.59,24,24,14.12
600409227 ,03,Male  ,NonBlack,9,05   ,A,45887.0,R    ,4.0,2.0,0,0,0,0,0,0,0,0,170,170,2,4,1.18,2.35,6,6,3.53
600408038 ,03,Male  ,NonBlack,9,04   ,A,45887.0,R    ,76.0,0.0,0.0,1.0,1.0,0.0,0.0,0.0,0.0,0.0,170,170,0,76,0,44.71,76,76,44.71
600410452 ,01,Male  ,Black   ,8,05   ,A,45887.0,R    ,2.0,0.0,0.0,3.0,3.0,0.0,0.0,0.0,0.0,0.0,170,170,0,2,0,1.18,2,2,1.18
600409085 ,01,Female,Black   ,7,01   ,A,45887.0,R    ,5.0,0.0,0,0,0,0,0,0,0,0,170,170,0,5,0,2.94,5,5,2.94
600412203 ,02,Female,Black   ,8,04   ,A,45887.0,R    ,34.0,3.0,0,0,0,0,0,0,0,0,170,170,3,34,1.76,20,37,37,21.76
600407385 ,02,Female,Black   ,8,04   ,A,45887.0,R    ,4.0,2.0,0,0,0,0,0,0,0,0,170,170,2,4,1.18,2.35,6,6,3.53
600408885 ,05,Female,Black   ,11,01   ,A,45887.0,R    ,11.0,0.0,0,0,0,0,0,0,0,0,170,170,0,11,0,6.47,11,11,6.47
600408886 ,03,Male  ,Black   ,9,01   ,A,45887.0,R    ,10.0,2.0,0.0,1.0,0.0,0.0,0.0,0.0,2.0,0.0,170,170,2,10,1.18,5.88,12,12,7.06
600412480 ,KF,Male  ,Black   ,6,04   ,A,45887.0,R    ,28.0,5.0,0,0,0,0,0,0,0,0,170,170,5,28,2.94,16.47,33,33,19.41
600412337 ,KF,Male  ,NonBlack,6,04   ,A,45887.0,R    ,6.0,6.0,1.0,5.0,1.0,0.0,0.0,0.0,0.0,0.0,170,170,6,6,3.53,3.53,12,12,7.06
600408545 ,02,Female,NonBlack,8,05   ,A,45887.0,R    ,10.0,2.0,0,0,0,0,0,0,0,0,170,170,2,10,1.18,5.88,12,12,7.06
600410039 ,02,Male  ,NonBlack,8,05   ,A,45887.0,R    ,5.0,1.0,0,0,0,0,0,0,0,0,170,170,1,5,0.59,2.94,6,6,3.53
600410558 ,01,Male  ,NonBlack,8,05   ,A,45887.0,R    ,3.0,4.0,0,0,0,0,0,0,0,0,170,170,4,3,2.35,1.76,7,7,4.12
600407488 ,04,Female,Black   ,10,04   ,A,45887.0,R    ,30.0,4.0,0.0,0.0,1.0,0.0,0.0,0.0,2.0,0.0,170,170,4,30,2.35,17.65,34,34,20
600409826 ,03,Female,NonBlack,9,05   ,A,45889.0,R    ,1.0,6.0,0.0,0.0,1.0,0.0,0.0,0.0,0.0,0.0,170,170,6,1,3.53,0.59,7,7,4.12
600410448 ,02,Female,NonBlack,7,05   ,A,45887.0,R    ,26.0,8.0,0,0,0,0,0,0,0,0,170,170,8,26,4.71,15.29,34,34,20
600411243 ,KF,Female,Black   ,6,05   ,A,45887.0,R    ,3.0,0.0,0,0,0,0,0,0,0,0,170,170,0,3,0,1.76,3,3,1.76
600410833 ,05,Male  ,Black   ,11,05   ,A,45887.0,R    ,3.0,0.0,0,0,0,0,0,0,0,0,170,170,0,3,0,1.76,3,3,1.76
600408074 ,02,Male  ,Black   ,8,04   ,A,45887.0,R    ,26.0,0.0,0,0,0,0,0,0,0,0,170,170,0,26,0,15.29,26,26,15.29
600412687 ,02,Female,Black   ,8,05   ,A,45887.0,R    ,3.0,2.0,0.0,0.0,0.0,0.0,0.0,0.0,1.0,0.0,170,170,2,3,1.18,1.76,5,5,2.94
600410553 ,03,Female,Black   ,9,05   ,A,45887.0,R    ,11.0,0.0,0.0,2.0,0.0,0.0,0.0,0.0,0.0,0.0,170,170,0,11,0,6.47,11,11,6.47
600411034 ,KF,Female,Black   ,6,04   ,A,45887.0,R    ,19.0,0.0,0,0,0,0,0,0,0,0,170,170,0,19,0,11.18,19,19,11.18
600410554 ,05,Female,Black   ,12,01   ,A,45887.0,R    ,24.0,0.0,1.0,1.0,1.0,0.0,0.0,0.0,0.0,0.0,170,170,0,24,0,14.12,24,24,14.12
600412444 ,03,Female,Black   ,9,05   ,A,45887.0,R    ,3.0,4.0,0.0,0.0,0.0,0.0,0.0,0.0,1.0,0.0,170,170,4,3,2.35,1.76,7,7,4.12
600406213 ,05,Female,Black   ,11,05   ,A,45887.0,R    ,6.0,0.0,0,0,0,0,0,0,0,0,170,170,0,6,0,3.53,6,6,3.53
600411888 ,05,Female,Black   ,10,01   ,A,45887.0,R    ,8.0,0.0,0,0,0,0,0,0,0,0,170,170,0,8,0,4.71,8,8,4.71
600407668 ,03,Female,Black   ,9,04   ,A,45887.0,R    ,30.0,0.0,0.0,0.0,1.0,0.0,0.0,0.0,4.0,0.0,170,170,0,30,0,17.65,30,30,17.65
600406851 ,03,Male  ,Black   ,9,05   ,A,45887.0,S    ,2.0,1.0,0.0,0.0,1.0,0.0,0.0,0.0,0.0,0.0,170,170,1,2,0.59,1.18,3,3,1.76
600412658 ,04,Male  ,Black   ,11,04   ,A,45887.0,R    ,16.0,10.0,0.0,4.0,1.0,0.0,0.0,0.0,0.0,0.0,170,170,10,16,5.88,9.41,26,26,15.29
600403574 ,05,Male  ,Black   ,10,05   ,A,45887.0,R    ,21.0,0.0,0,0,0,0,0,0,0,0,170,170,0,21,0,12.35,21,21,12.35
600412449 ,KF,Male  ,NonBlack,6,03   ,A,45887.0,R    ,9.0,5.0,0,0,0,0,0,0,0,0,170,170,5,9,2.94,5.29,14,14,8.24
600413153 ,KF,Female,NonBlack,6,03   ,A,46086.0,R    ,8.0,0.0,0,0,0,0,0,0,0,0,170,170,0,8,0,4.71,8,8,4.71
600409880 ,KF,Female,Black   ,6,04   ,A,45887.0,R    ,8.0,4.0,0,0,0,0,0,0,0,0,170,170,4,8,2.35,4.71,12,12,7.06
600410672 ,05,Female,NonBlack,11,05   ,A,45887.0,R    ,35.0,1.0,0,0,0,0,0,0,0,0,170,170,1,35,0.59,20.59,36,36,21.18
600411456 ,01,Male  ,Black   ,7,05   ,A,45887.0,R    ,74.0,2.0,0.0,2.0,3.0,0.0,0.0,0.0,0.0,0.0,170,170,2,74,1.18,43.53,76,76,44.71
600412260 ,05,Female,Black   ,11,04   ,A,45887.0,R    ,8.0,2.0,0,0,0,0,0,0,0,0,170,170,2,8,1.18,4.71,10,10,5.88
600412702 ,KF,Female,Black   ,5,03   ,A,45887.0,R    ,33.0,0.0,0,0,0,0,0,0,0,0,170,170,0,33,0,19.41,33,33,19.41
600409251 ,04,Female,NonBlack,9,04   ,A,45887.0,S    ,19.0,3.0,0,0,0,0,0,0,0,0,170,170,3,19,1.76,11.18,22,22,12.94
600408963 ,03,Male  ,Black   ,9,05   ,A,45930.0,R    ,31.0,0.0,0.0,1.0,0.0,0.0,0.0,0.0,0.0,0.0,170,170,0,31,0,18.24,31,31,18.24
600410375 ,KF,Male  ,Black   ,5,02   ,A,45887.0,R    ,19.0,1.0,0.0,1.0,0.0,0.0,0.0,0.0,0.0,0.0,170,170,1,19,0.59,11.18,20,20,11.76
600406630 ,03,Female,Black   ,9,02   ,A,45887.0,R    ,11.0,1.0,0,0,0,0,0,0,0,0,170,170,1,11,0.59,6.47,12,12,7.06
600410376 ,01,Female,Black   ,6,02   ,A,45887.0,R    ,10.0,0.0,0,0,0,0,0,0,0,0,170,170,0,10,0,5.88,10,10,5.88
600406611 ,05,Female,Black   ,11,03   ,A,45887.0,R    ,5.0,0.0,0,0,0,0,0,0,0,0,170,170,0,5,0,2.94,5,5,2.94
600406599 ,05,Female,Black   ,11,05   ,A,45887.0,R    ,5.0,0.0,0,0,0,0,0,0,0,0,170,170,0,5,0,2.94,5,5,2.94
600411146 ,05,Female,Black   ,11,05   ,A,45887.0,R    ,13.0,10.0,0,0,0,0,0,0,0,0,170,170,10,13,5.88,7.65,23,23,13.53
600407756 ,03,Male  ,Black   ,9,05   ,A,45887.0,R    ,9.0,3.0,0,0,0,0,0,0,0,0,170,170,3,9,1.76,5.29,12,12,7.06
600409199 ,01,Male  ,Black   ,7,05   ,A,45887.0,R    ,39.0,0.0,1.0,1.0,1.0,0.0,0.0,0.0,0.0,0.0,170,170,0,39,0,22.94,39,39,22.94
600404982 ,05,Male  ,NonBlack,11,04   ,A,46098.0,R    ,16.0,0.0,0.0,6.0,0.0,0.0,0.0,0.0,0.0,0.0,170,170,0,16,0,9.41,16,16,9.41
600407824 ,04,Male  ,NonBlack,10,04   ,A,45887.0,R    ,40.0,0.0,0.0,3.0,1.0,0.0,0.0,0.0,0.0,0.0,170,170,0,40,0,23.53,40,40,23.53
600412292 ,02,Male  ,NonBlack,8,05   ,A,45887.0,R    ,9.0,1.0,0,0,0,0,0,0,0,0,170,170,1,9,0.59,5.29,10,10,5.88
600412291 ,01,Female,NonBlack,7,05   ,A,45887.0,R    ,10.0,1.0,0,0,0,0,0,0,0,0,170,170,1,10,0.59,5.88,11,11,6.47
600412935 ,01,Male  ,Black   ,6,04   ,A,45957.0,C    ,11.0,0.0,0,0,0,0,0,0,0,0,170,170,0,11,0,6.47,11,11,6.47
600411563 ,01,Female,Black   ,7,01   ,A,45887.0,R    ,11.0,2.0,0,0,0,0,0,0,0,0,170,170,2,11,1.18,6.47,13,13,7.65
600407436 ,04,Male  ,Black   ,10,03   ,A,45887.0,R    ,3.0,0.0,0,0,0,0,0,0,0,0,170,170,0,3,0,1.76,3,3,1.76
600410241 ,02,Male  ,Black   ,8,04   ,A,45936.0,R    ,37.0,8.0,0.0,0.0,1.0,0.0,0.0,0.0,0.0,0.0,170,170,8,37,4.71,21.76,45,45,26.47
600410235 ,04,Female,Black   ,10,04   ,A,45936.0,R    ,30.0,3.0,0,0,0,0,0,0,0,0,170,170,3,30,1.76,17.65,33,33,19.41
600412911 ,02,Female,NonBlack,8,05   ,A,45938.0,R    ,35.0,1.0,0,0,0,0,0,0,0,0,170,170,1,35,0.59,20.59,36,36,21.18
600412910 ,01,Male  ,NonBlack,6,05   ,A,45938.0,R    ,38.0,0.0,0,0,0,0,0,0,0,0,170,170,0,38,0,22.35,38,38,22.35
600410213 ,04,Female,Black   ,10,04   ,A,45887.0,R    ,1.0,1.0,0.0,0.0,1.0,0.0,0.0,0.0,0.0,0.0,170,170,1,1,0.59,0.59,2,2,1.18
600410210 ,04,Male  ,Black   ,10,04   ,A,45887.0,R    ,0.0,1.0,0.0,2.0,0.0,0.0,0.0,0.0,0.0,0.0,170,170,1,0,0.59,0,1,1,0.59
600412252 ,KF,Male  ,NonBlack,6,04   ,A,45902.0,R    ,2.0,9.0,0,0,0,0,0,0,0,0,170,170,9,2,5.29,1.18,11,11,6.47
600406861 ,03,Female,Black   ,9,02   ,A,45887.0,R    ,7.0,1.0,0,0,0,0,0,0,0,0,170,170,1,7,0.59,4.12,8,8,4.71
600409065 ,03,Female,NonBlack,9,05   ,A,45887.0,R    ,21.0,7.0,0,0,0,0,0,0,0,0,170,170,7,21,4.12,12.35,28,28,16.47
600412758 ,KF,Male  ,Black   ,6,03   ,A,45887.0,R    ,13.0,1.0,0,0,0,0,0,0,0,0,170,170,1,13,0.59,7.65,14,14,8.24
600411173 ,01,Female,NonBlack,7,01   ,A,45887.0,R    ,10.0,2.0,0,0,0,0,0,0,0,0,170,170,2,10,1.18,5.88,12,12,7.06
600411534 ,KF,Male  ,NonBlack,6,01   ,A,45887.0,R    ,14.0,2.0,0,0,0,0,0,0,0,0,170,170,2,14,1.18,8.24,16,16,9.41
600411483 ,01,Male  ,NonBlack,7,03   ,A,46139.0,R    ,10.0,0.0,0.0,0.0,1.0,0.0,0.0,0.0,0.0,0.0,170,170,0,10,0,5.88,10,10,5.88
600412838 ,04,Female,Black   ,10,06   ,A,45898.0,R    ,7.0,2.0,0,0,0,0,0,0,0,0,170,170,2,7,1.18,4.12,9,9,5.29
600413091 ,05,Male  ,NonBlack,11,03   ,A,46037.0,C    ,8.0,0.0,0,0,0,0,0,0,0,0,170,170,0,8,0,4.71,8,8,4.71
600413090 ,02,Male  ,NonBlack,8,03   ,A,46037.0,C    ,6.0,0.0,0,0,0,0,0,0,0,0,170,170,0,6,0,3.53,6,6,3.53
600405695 ,04,Female,NonBlack,10,05   ,A,45887.0,R    ,2.0,1.0,0,0,0,0,0,0,0,0,170,170,1,2,0.59,1.18,3,3,1.76
600406917 ,04,Female,Black   ,10,05   ,A,45887.0,R    ,7.0,0.0,0.0,0.0,1.0,0.0,0.0,0.0,0.0,0.0,170,170,0,7,0,4.12,7,7,4.12
600411829 ,03,Male  ,Black   ,8,03   ,A,45887.0,R    ,18.0,2.0,0.0,1.0,1.0,0.0,0.0,0.0,0.0,0.0,170,170,2,18,1.18,10.59,20,20,11.76
600411521 ,05,Female,Black   ,12,04   ,A,45887.0,R    ,66.0,0.0,2.0,5.0,1.0,0.0,0.0,0.0,0.0,0.0,170,170,0,66,0,38.82,66,66,38.82
600409863 ,01,Male  ,NonBlack,6,03   ,A,45887.0,R    ,5.0,3.0,0,0,0,0,0,0,0,0,170,170,3,5,1.76,2.94,8,8,4.71
600407827 ,04,Male  ,Black   ,10,03   ,A,45887.0,R    ,4.0,0.0,0.0,0.0,1.0,0.0,0.0,0.0,0.0,0.0,170,170,0,4,0,2.35,4,4,2.35
600412212 ,KF,Male  ,NonBlack,6,03   ,A,45887.0,R    ,11.0,4.0,0,0,0,0,0,0,0,0,170,170,4,11,2.35,6.47,15,15,8.82
600412701 ,KF,Female,NonBlack,6,05   ,A,45887.0,R    ,4.0,0.0,0,0,0,0,0,0,0,0,170,170,0,4,0,2.35,4,4,2.35
600409817 ,04,Female,NonBlack,10,05   ,A,45887.0,R    ,3.0,0.0,0.0,0.0,1.0,0.0,0.0,0.0,0.0,0.0,170,170,0,3,0,1.76,3,3,1.76
600410134 ,01,Male  ,Black   ,7,04   ,A,45887.0,R    ,5.0,0.0,0,0,0,0,0,0,0,0,170,170,0,5,0,2.94,5,5,2.94
600412661 ,04,Female,Black   ,11,05   ,A,45887.0,R    ,18.0,0.0,0,0,0,0,0,0,0,0,170,170,0,18,0,10.59,18,18,10.59
600406862 ,05,Male  ,Black   ,10,05   ,A,45930.0,R    ,66.0,0.0,2.0,0.0,0.0,0.0,0.0,0.0,3.0,0.0,170,170,0,66,0,38.82,66,66,38.82
600412447 ,KF,Female,Black   ,5,05   ,A,45887.0,R    ,7.0,3.0,0,0,0,0,0,0,0,0,170,170,3,7,1.76,4.12,10,10,5.88
600410531 ,02,Female,NonBlack,8,04   ,A,45887.0,R    ,9.0,0.0,0,0,0,0,0,0,0,0,170,170,0,9,0,5.29,9,9,5.29
600409882 ,KF,Female,NonBlack,6,03   ,A,45887.0,R    ,4.0,2.0,0,0,0,0,0,0,0,0,170,170,2,4,1.18,2.35,6,6,3.53
600406340 ,03,Female,NonBlack,9,03   ,A,45887.0,R    ,5.0,4.0,0,0,0,0,0,0,0,0,170,170,4,5,2.35,2.94,9,9,5.29
600408623 ,04,Male  ,NonBlack,10,02   ,A,45887.0,R    ,1.0,2.0,0,0,0,0,0,0,0,0,170,170,2,1,1.18,0.59,3,3,1.76
600409883 ,KF,Female,Black   ,5,04   ,A,45887.0,R    ,6.0,0.0,0,0,0,0,0,0,0,0,170,170,0,6,0,3.53,6,6,3.53
600407345 ,04,Male  ,Black   ,11,05   ,A,45887.0,R    ,6.0,0.0,0.0,4.0,0.0,0.0,0.0,0.0,0.0,0.0,170,170,0,6,0,3.53,6,6,3.53
600409093 ,04,Female,Black   ,9,05   ,A,45887.0,R    ,14.0,0.0,0,0,0,0,0,0,0,0,170,170,0,14,0,8.24,14,14,8.24
600411949 ,05,Female,Black   ,11,02   ,A,45887.0,R    ,14.0,1.0,0.0,1.0,0.0,0.0,0.0,0.0,0.0,0.0,170,170,1,14,0.59,8.24,15,15,8.82
600407829 ,03,Male  ,Black   ,9,01   ,A,45887.0,R    ,2.0,2.0,0,0,0,0,0,0,0,0,170,170,2,2,1.18,1.18,4,4,2.35
600407469 ,04,Male  ,Black   ,10,05   ,A,45887.0,R    ,29.0,4.0,0,0,0,0,0,0,0,0,170,170,4,29,2.35,17.06,33,33,19.41
600412014 ,03,Male  ,Black   ,9,01   ,A,45887.0,R    ,22.0,0.0,0.0,1.0,3.0,0.0,0.0,0.0,0.0,0.0,170,170,0,22,0,12.94,22,22,12.94
600412314 ,KF,Female,NonBlack,6,02   ,A,45887.0,R    ,12.0,0.0,0,0,0,0,0,0,0,0,170,170,0,12,0,7.06,12,12,7.06
600412896 ,KF,Female,Black   ,6,05   ,A,45929.0,C    ,9.0,3.0,0,0,0,0,0,0,0,0,170,170,3,9,1.76,5.29,12,12,7.06
600412897 ,01,Male  ,Black   ,7,05   ,A,45929.0,C    ,11.0,3.0,0,0,0,0,0,0,0,0,170,170,3,11,1.76,6.47,14,14,8.24
600412898 ,04,Male  ,Black   ,10,05   ,A,45929.0,C    ,13.0,3.0,0,0,0,0,0,0,0,0,170,170,3,13,1.76,7.65,16,16,9.41
600408447 ,04,Male  ,Black   ,9,04   ,A,45887.0,R    ,48.0,15.0,0.0,1.0,3.0,0.0,0.0,0.0,2.0,0.0,170,170,15,48,8.82,28.24,63,63,37.06
600406750 ,05,Male  ,NonBlack,11,03   ,A,45887.0,R    ,32.0,0.0,0,0,0,0,0,0,0,0,170,170,0,32,0,18.82,32,32,18.82
600412789 ,02,Male  ,Black   ,8,01   ,A,46065.0,R    ,8.0,0.0,0.0,0.0,3.0,1.0,0.0,0.0,0.0,0.0,170,170,0,8,0,4.71,8,8,4.71
600405781 ,05,Male  ,NonBlack,11,04   ,A,46028.0,R    ,18.0,0.0,0.0,4.0,0.0,1.0,0.0,0.0,3.0,0.0,170,170,0,18,0,10.59,18,18,10.59
600413067 ,04,Female,Black   ,10,04   ,A,46028.0,R    ,1.0,2.0,0,0,0,0,0,0,0,0,170,170,2,1,1.18,0.59,3,3,1.76
600407830 ,04,Male  ,Black   ,10,03   ,A,45887.0,R    ,1.0,0.0,0,0,0,0,0,0,0,0,170,170,0,1,0,0.59,1,1,0.59
600407388 ,02,Female,NonBlack,8,03   ,A,45887.0,R    ,1.0,0.0,0.0,0.0,0.0,0.0,0.0,0.0,1.0,0.0,170,170,0,1,0,0.59,1,1,0.59
600411458 ,01,Female,NonBlack,7,05   ,A,45887.0,R    ,13.0,11.0,0,0,0,0,0,0,0,0,170,170,11,13,6.47,7.65,24,24,14.12
600407343 ,05,Female,NonBlack,11,05   ,A,45887.0,R    ,16.0,0.0,0.0,0.0,3.0,0.0,0.0,0.0,0.0,0.0,170,170,0,16,0,9.41,16,16,9.41
600407344 ,04,Male  ,NonBlack,10,05   ,A,45887.0,R    ,2.0,0.0,0,0,0,0,0,0,0,0,170,170,0,2,0,1.18,2,2,1.18
600413167 ,01,Female,Black   ,7,03   ,A,46099.0,C    ,9.0,0.0,0,0,0,0,0,0,0,0,170,170,0,9,0,5.29,9,9,5.29
600411858 ,02,Male  ,Black   ,8,04   ,A,46083.0,S    ,2.0,0.0,0,0,0,0,0,0,0,0,170,170,0,2,0,1.18,2,2,1.18
600408230 ,05,Female,Black   ,11,04   ,A,45887.0,R    ,14.0,2.0,1.0,2.0,0.0,0.0,0.0,0.0,0.0,0.0,170,170,2,14,1.18,8.24,16,16,9.41
600407310 ,02,Female,Black   ,7,04   ,A,45887.0,R    ,6.0,0.0,0,0,0,0,0,0,0,0,170,170,0,6,0,3.53,6,6,3.53
600408582 ,02,Female,NonBlack,9,05   ,A,45916.0,R    ,27.0,10.0,0,0,0,0,0,0,0,0,170,170,10,27,5.88,15.88,37,37,21.76
600413007 ,04,Male  ,Black   ,10,05   ,A,45992.0,C    ,12.0,0.0,0,0,0,0,0,0,0,0,170,170,0,12,0,7.06,12,12,7.06
600405065 ,05,Male  ,Black   ,11,04   ,A,45887.0,R    ,5.0,0.0,0,0,0,0,0,0,0,0,170,170,0,5,0,2.94,5,5,2.94
600413016 ,03,Male  ,Black   ,9,05   ,A,45993.0,R    ,2.0,0.0,0,0,0,0,0,0,0,0,170,170,0,2,0,1.18,2,2,1.18
600403467 ,05,Male  ,NonBlack,11,03   ,A,45887.0,R    ,5.0,6.0,0,0,0,0,0,0,0,0,170,170,6,5,3.53,2.94,11,11,6.47
600412305 ,KF,Male  ,NonBlack,6,03   ,A,45887.0,R    ,0.0,1.0,0,0,0,0,0,0,0,0,170,170,1,0,0.59,0,1,1,0.59
600408881 ,03,Female,NonBlack,8,03   ,A,45887.0,R    ,1.0,2.0,0,0,0,0,0,0,0,0,170,170,2,1,1.18,0.59,3,3,1.76
600408494 ,03,Male  ,NonBlack,10,05   ,A,45887.0,R    ,32.0,4.0,1.0,1.0,1.0,0.0,0.0,0.0,2.0,0.0,170,170,4,32,2.35,18.82,36,36,21.18
600410365 ,01,Female,NonBlack,7,05   ,A,45887.0,R    ,8.0,0.0,0.0,1.0,0.0,0.0,0.0,0.0,2.0,0.0,170,170,0,8,0,4.71,8,8,4.71
600410088 ,03,Male  ,Black   ,9,01   ,A,45887.0,R    ,20.0,13.0,0,0,0,0,0,0,0,0,170,170,13,20,7.65,11.76,33,33,19.41
600412012 ,03,Male  ,Black   ,10,05   ,A,45887.0,R    ,9.0,0.0,0,0,0,0,0,0,0,0,170,170,0,9,0,5.29,9,9,5.29
600407831 ,04,Male  ,Black   ,10,05   ,A,45887.0,R    ,16.0,0.0,0,0,0,0,0,0,0,0,170,170,0,16,0,9.41,16,16,9.41
600412689 ,KF,Male  ,Black   ,6,03   ,A,45887.0,R    ,20.0,0.0,0.0,2.0,0.0,0.0,0.0,0.0,0.0,0.0,170,170,0,20,0,11.76,20,20,11.76
600412827 ,03,Male  ,Black   ,8,04   ,A,45896.0,C    ,56.0,2.0,0.0,2.0,2.0,0.0,0.0,0.0,0.0,0.0,170,170,2,56,1.18,32.94,58,58,34.12
600412818 ,04,Male  ,NonBlack,11,03   ,A,45891.0,R    ,3.0,0.0,0,0,0,0,0,0,0,0,170,170,0,3,0,1.76,3,3,1.76
600410882 ,02,Male  ,NonBlack,8,04   ,A,45887.0,R    ,18.0,0.0,0.0,0.0,1.0,0.0,0.0,0.0,0.0,0.0,170,170,0,18,0,10.59,18,18,10.59
600411933 ,KF,Female,Black   ,6,05   ,A,45887.0,R    ,47.0,5.0,0,0,0,0,0,0,0,0,170,170,5,47,2.94,27.65,52,52,30.59
600410846 ,02,Female,NonBlack,8,06   ,A,45887.0,R    ,10.0,3.0,0,0,0,0,0,0,0,0,170,170,3,10,1.76,5.88,13,13,7.65
600411697 ,KF,Female,Black   ,5,06   ,A,45887.0,R    ,16.0,3.0,0.0,0.0,2.0,0.0,0.0,0.0,0.0,0.0,170,170,3,16,1.76,9.41,19,19,11.18
600406616 ,03,Male  ,NonBlack,9,05   ,A,45887.0,R    ,0.0,0.0,0,0,0,0,0,0,0,0,170,170,0,0,0,0,0,0,0
600405795 ,05,Female,NonBlack,11,05   ,A,45887.0,R    ,1.0,2.0,0.0,1.0,0.0,0.0,0.0,0.0,0.0,0.0,170,170,2,1,1.18,0.59,3,3,1.76
600411446 ,01,Female,Black   ,6,04   ,A,45887.0,R    ,8.0,0.0,0,0,0,0,0,0,0,0,170,170,0,8,0,4.71,8,8,4.71
600413044 ,04,Male  ,Black   ,9,03   ,A,46029.0,C    ,5.0,3.0,0,0,0,0,0,0,0,0,170,170,3,5,1.76,2.94,8,8,4.71
600411572 ,04,Female,Black   ,11,04   ,A,45887.0,R    ,15.0,0.0,0,0,0,0,0,0,0,0,170,170,0,15,0,8.82,15,15,8.82
600411508 ,KF,Female,Black   ,6,05   ,A,45887.0,R    ,42.0,0.0,0,0,0,0,0,0,0,0,170,170,0,42,0,24.71,42,42,24.71
600410887 ,02,Female,Black   ,8,03   ,A,45887.0,R    ,56.0,0.0,0,0,0,0,0,0,0,0,170,170,0,56,0,32.94,56,56,32.94
600406405 ,05,Female,Black   ,10,05   ,A,45887.0,R    ,13.0,0.0,0,0,0,0,0,0,0,0,170,170,0,13,0,7.65,13,13,7.65
600411660 ,KF,Male  ,NonBlack,6,04   ,A,45887.0,R    ,28.0,0.0,0.0,3.0,2.0,0.0,0.0,0.0,0.0,0.0,170,170,0,28,0,16.47,28,28,16.47
600411659 ,KF,Female,NonBlack,5,04   ,A,45887.0,R    ,1.0,2.0,0,0,0,0,0,0,0,0,170,170,2,1,1.18,0.59,3,3,1.76
600407834 ,04,Female,Black   ,9,04   ,A,45887.0,R    ,25.0,0.0,0,0,0,0,0,0,0,0,170,170,0,25,0,14.71,25,25,14.71
600410842 ,04,Female,Black   ,10,03   ,A,45887.0,R    ,6.0,0.0,0,0,0,0,0,0,0,0,170,170,0,6,0,3.53,6,6,3.53
600412576 ,04,Male  ,Black   ,9,04   ,A,45887.0,R    ,56.0,2.0,0.0,2.0,2.0,0.0,0.0,0.0,0.0,0.0,170,170,2,56,1.18,32.94,58,58,34.12
600412297 ,02,Female,Black   ,8,04   ,A,45887.0,R    ,11.0,0.0,0,0,0,0,0,0,0,0,170,170,0,11,0,6.47,11,11,6.47
600412296 ,04,Female,Black   ,10,04   ,A,45887.0,R    ,3.0,0.0,0,0,0,0,0,0,0,0,170,170,0,3,0,1.76,3,3,1.76
600411919 ,02,Female,Black   ,8,02   ,A,45887.0,R    ,12.0,0.0,0,0,0,0,0,0,0,0,170,170,0,12,0,7.06,12,12,7.06
600408964 ,03,Female,NonBlack,9,04   ,A,45887.0,R    ,21.0,0.0,0,0,0,0,0,0,0,0,170,170,0,21,0,12.35,21,21,12.35
600410500 ,04,Male  ,Black   ,10,04   ,A,45911.0,R    ,21.0,6.0,0.0,1.0,0.0,0.0,0.0,0.0,0.0,0.0,170,170,6,21,3.53,12.35,27,27,15.88
600412595 ,04,Male  ,NonBlack,10,05   ,A,45887.0,R    ,6.0,3.0,0,0,0,0,0,0,0,0,170,170,3,6,1.76,3.53,9,9,5.29
600412594 ,01,Female,NonBlack,7,05   ,A,45887.0,R    ,8.0,2.0,0,0,0,0,0,0,0,0,170,170,2,8,1.18,4.71,10,10,5.88
600413113 ,03,Female,NonBlack,9,05   ,A,46062.0,C    ,5.0,0.0,0,0,0,0,0,0,0,0,170,170,0,5,0,2.94,5,5,2.94
600410312 ,KF,Male  ,NonBlack,6,04   ,A,45887.0,R    ,58.0,35.0,0,0,0,0,0,0,0,0,170,170,35,58,20.59,34.12,93,93,54.71
600412371 ,KF,Male  ,NonBlack,6,05   ,A,45887.0,R    ,6.0,0.0,0,0,0,0,0,0,0,0,170,170,0,6,0,3.53,6,6,3.53
600412685 ,01,Male  ,Black   ,7,03   ,A,45887.0,R    ,7.0,0.0,0.0,1.0,0.0,0.0,0.0,0.0,0.0,0.0,170,170,0,7,0,4.12,7,7,4.12
600412686 ,03,Female,Black   ,9,03   ,A,45887.0,R    ,7.0,2.0,0,0,0,0,0,0,0,0,170,170,2,7,1.18,4.12,9,9,5.29
600408830 ,02,Male  ,Black   ,7,04   ,A,45888.0,R    ,1.0,4.0,0,0,0,0,0,0,0,0,170,170,4,1,2.35,0.59,5,5,2.94
600407288 ,03,Female,Black   ,9,04   ,A,45887.0,R    ,6.0,0.0,0,0,0,0,0,0,0,0,170,170,0,6,0,3.53,6,6,3.53
600410368 ,02,Male  ,NonBlack,8,04   ,A,45887.0,R    ,4.0,4.0,0.0,2.0,1.0,0.0,0.0,0.0,0.0,0.0,170,170,4,4,2.35,2.35,8,8,4.71
600407216 ,03,Male  ,Black   ,9,03   ,A,45887.0,R    ,10.0,1.0,0,0,0,0,0,0,0,0,170,170,1,10,0.59,5.88,11,11,6.47
600406459 ,04,Male  ,NonBlack,10,05   ,A,45887.0,R    ,8.0,7.0,0.0,0.0,1.0,0.0,0.0,0.0,0.0,0.0,170,170,7,8,4.12,4.71,15,15,8.82
600412757 ,KF,Female,Black   ,6,04   ,A,45887.0,R    ,12.0,0.0,0,0,0,0,0,0,0,0,170,170,0,12,0,7.06,12,12,7.06
600411042 ,KF,Female,Black   ,6,02   ,A,45887.0,R    ,4.0,2.0,0.0,0.0,1.0,0.0,0.0,0.0,0.0,0.0,170,170,2,4,1.18,2.35,6,6,3.53
600412352 ,KF,Male  ,Black   ,5,04   ,A,45891.0,R    ,14.0,11.0,0,0,0,0,0,0,0,0,170,170,11,14,6.47,8.24,25,25,14.71
600408849 ,03,Female,Black   ,9,05   ,A,45887.0,R    ,26.0,1.0,0,0,0,0,0,0,0,0,170,170,1,26,0.59,15.29,27,27,15.88
600412299 ,KF,Female,NonBlack,6,05   ,A,45887.0,R    ,8.0,0.0,0,0,0,0,0,0,0,0,170,170,0,8,0,4.71,8,8,4.71
600403473 ,05,Male  ,Black   ,11,03   ,A,45887.0,R    ,5.0,2.0,0.0,0.0,0.0,0.0,0.0,0.0,2.0,0.0,170,170,2,5,1.18,2.94,7,7,4.12
600411542 ,01,Male  ,NonBlack,7,02   ,A,45887.0,R    ,9.0,0.0,0.0,0.0,0.0,0.0,0.0,0.0,1.0,0.0,170,170,0,9,0,5.29,9,9,5.29
600406828 ,05,Male  ,NonBlack,11,04   ,A,45887.0,R    ,20.0,3.0,0,0,0,0,0,0,0,0,170,170,3,20,1.76,11.76,23,23,13.53
600413208 ,05,Female,Black   ,10,03   ,A,46125.0,C    ,0,0,0,0,0,0,0,0,0,0,170,170,0,0,0,0,0,0,0
600406312 ,05,Male  ,Black   ,11,01   ,A,45887.0,R    ,33.0,2.0,0,0,0,0,0,0,0,0,170,170,2,33,1.18,19.41,35,35,20.59
600409007 ,03,Male  ,Black   ,8,05   ,A,46031.0,S    ,9.0,0.0,0.0,1.0,1.0,0.0,0.0,0.0,2.0,0.0,170,170,0,9,0,5.29,9,9,5.29
600412283 ,02,Female,Black   ,8,04   ,A,45887.0,R    ,19.0,4.0,0,0,0,0,0,0,0,0,170,170,4,19,2.35,11.18,23,23,13.53
600412829 ,04,Female,NonBlack,10,03   ,A,45889.0,R    ,9.0,2.0,0,0,0,0,0,0,0,0,170,170,2,9,1.18,5.29,11,11,6.47
600412964 ,05,Male  ,NonBlack,11,03   ,A,45966.0,R    ,10.0,0.0,2.0,0.0,2.0,0.0,0.0,0.0,0.0,0.0,170,170,0,10,0,5.88,10,10,5.88
600410173 ,KF,Male  ,Black   ,5,04   ,A,45887.0,R    ,18.0,0.0,0.0,8.0,4.0,0.0,0.0,0.0,2.0,0.0,170,170,0,18,0,10.59,18,18,10.59
600410036 ,02,Male  ,Black   ,8,02   ,A,45887.0,R    ,5.0,0.0,0,0,0,0,0,0,0,0,170,170,0,5,0,2.94,5,5,2.94
600412621 ,KF,Male  ,Black   ,5,02   ,A,45887.0,R    ,4.0,0.0,0,0,0,0,0,0,0,0,170,170,0,4,0,2.35,4,4,2.35
600412963 ,04,Male  ,NonBlack,10,03   ,A,45966.0,R    ,7.0,0.0,0,0,0,0,0,0,0,0,170,170,0,7,0,4.12,7,7,4.12
600405994 ,05,Male  ,Black   ,11,05   ,A,45887.0,R    ,3.0,0.0,0.0,1.0,1.0,0.0,0.0,0.0,3.0,0.0,170,170,0,3,0,1.76,3,3,1.76
600413182 ,05,Male  ,Black   ,11,03   ,A,46113.0,C    ,2.0,0.0,0,0,0,0,0,0,0,0,170,170,0,2,0,1.18,2,2,1.18
600411148 ,01,Male  ,Black   ,7,03   ,A,45887.0,R    ,4.0,0.0,0,0,0,0,0,0,0,0,170,170,0,4,0,2.35,4,4,2.35
600413196 ,04,Male  ,Black   ,11,03   ,A,46115.0,C    ,5.0,0.0,0,0,0,0,0,0,0,0,170,170,0,5,0,2.94,5,5,2.94
600408955 ,05,Female,Black   ,11,05   ,A,45887.0,R    ,36.0,0.0,0.0,1.0,1.0,0.0,0.0,0.0,1.0,0.0,170,170,0,36,0,21.18,36,36,21.18
600409912 ,01,Male  ,Black   ,7,04   ,A,45887.0,R    ,11.0,0.0,0.0,0.0,0.0,0.0,0.0,0.0,2.0,0.0,170,170,0,11,0,6.47,11,11,6.47
600408598 ,03,Male  ,NonBlack,9,05   ,A,45887.0,R    ,0.0,0.0,0,0,0,0,0,0,0,0,170,170,0,0,0,0,0,0,0
600408394 ,03,Male  ,NonBlack,9,05   ,A,45887.0,R    ,0.0,2.0,0,0,0,0,0,0,0,0,170,170,2,0,1.18,0,2,2,1.18
600409886 ,KF,Female,NonBlack,6,05   ,A,45887.0,R    ,2.0,1.0,0,0,0,0,0,0,0,0,170,170,1,2,0.59,1.18,3,3,1.76
600410257 ,02,Female,NonBlack,8,05   ,A,45887.0,R    ,1.0,0.0,0,0,0,0,0,0,0,0,170,170,0,1,0,0.59,1,1,0.59
600412750 ,KF,Female,NonBlack,6,04   ,A,45940.0,D    ,16.0,0.0,0.0,1.0,1.0,0.0,0.0,0.0,0.0,0.0,170,170,0,16,0,9.41,16,16,9.41
600405125 ,04,Male  ,NonBlack,10,04   ,A,45940.0,R    ,33.0,0.0,1.0,5.0,1.0,0.0,0.0,0.0,0.0,0.0,170,170,0,33,0,19.41,33,33,19.41
600411748 ,01,Male  ,NonBlack,7,04   ,A,45887.0,R    ,19.0,0.0,0,0,0,0,0,0,0,0,170,170,0,19,0,11.18,19,19,11.18
600412754 ,KF,Male  ,NonBlack,6,04   ,A,45887.0,R    ,20.0,0.0,0,0,0,0,0,0,0,0,170,170,0,20,0,11.76,20,20,11.76
600407839 ,04,Female,Black   ,10,03   ,A,45887.0,R    ,3.0,0.0,0,0,0,0,0,0,0,0,170,170,0,3,0,1.76,3,3,1.76
600412082 ,04,Male  ,NonBlack,10,04   ,A,46028.0,R1   ,7.0,0.0,0,0,0,0,0,0,0,0,170,170,0,7,0,4.12,7,7,4.12
600412081 ,03,Female,NonBlack,9,04   ,A,45887.0,R    ,42.0,0.0,0.0,2.0,3.0,0.0,0.0,0.0,0.0,0.0,170,170,0,42,0,24.71,42,42,24.71
600412083 ,01,Male  ,Black   ,8,04   ,A,45887.0,R    ,20.0,0.0,0,0,0,0,0,0,0,0,170,170,0,20,0,11.76,20,20,11.76
600412312 ,KF,Male  ,NonBlack,6,04   ,A,45887.0,R    ,4.0,0.0,0,0,0,0,0,0,0,0,170,170,0,4,0,2.35,4,4,2.35
600406674 ,03,Male  ,Black   ,9,05   ,A,45887.0,R    ,6.0,2.0,0.0,0.0,1.0,0.0,0.0,0.0,0.0,0.0,170,170,2,6,1.18,3.53,8,8,4.71
600413128 ,03,Male  ,NonBlack,9,04   ,A,46077.0,C    ,0.0,0.0,0,0,0,0,0,0,0,0,170,170,0,0,0,0,0,0,0
600413127 ,01,Female,NonBlack,7,04   ,A,46077.0,C    ,0.0,0.0,0,0,0,0,0,0,0,0,170,170,0,0,0,0,0,0,0
600410707 ,02,Female,Black   ,8,01   ,A,45887.0,R    ,3.0,0.0,0,0,0,0,0,0,0,0,170,170,0,3,0,1.76,3,3,1.76
600413197 ,KF,Male  ,Black   ,6,03   ,A,46115.0,C    ,9.0,0.0,0.0,0.0,4.0,0.0,0.0,0.0,0.0,0.0,170,170,0,9,0,5.29,9,9,5.29
600410937 ,05,Male  ,Black   ,11,04   ,A,45960.0,R    ,44.0,0.0,0,0,0,0,0,0,0,0,170,170,0,44,0,25.88,44,44,25.88
600408954 ,03,Male  ,Black   ,9,05   ,A,45980.0,R    ,1.0,0.0,0,0,0,0,0,0,0,0,170,170,0,1,0,0.59,1,1,0.59
600410936 ,01,Male  ,Black   ,8,04   ,A,45960.0,R    ,45.0,0.0,0,0,0,0,0,0,0,0,170,170,0,45,0,26.47,45,45,26.47
600412275 ,KF,Female,Black   ,6,04   ,A,45887.0,R    ,24.0,9.0,0,0,0,0,0,0,0,0,170,170,9,24,5.29,14.12,33,33,19.41
600408890 ,03,Male  ,NonBlack,9,03   ,A,45887.0,R    ,11.0,0.0,0.0,1.0,0.0,0.0,0.0,0.0,0.0,0.0,170,170,0,11,0,6.47,11,11,6.47
600411258 ,KF,Male  ,NonBlack,6,04   ,A,45887.0,R    ,54.0,2.0,0.0,2.0,4.0,0.0,0.0,0.0,0.0,0.0,170,170,2,54,1.18,31.76,56,56,32.94
600411972 ,KF,Male  ,Black   ,6,05   ,A,46065.0,R    ,33.0,0.0,0,0,0,0,0,0,0,0,170,170,0,33,0,19.41,33,33,19.41
600408509 ,01,Female,Black   ,7,01   ,A,45887.0,R    ,22.0,1.0,0,0,0,0,0,0,0,0,170,170,1,22,0.59,12.94,23,23,13.53
600412097 ,03,Male  ,Black   ,9,04   ,A,45887.0,R    ,14.0,0.0,0.0,0.0,1.0,1.0,0.0,0.0,0.0,0.0,170,170,0,14,0,8.24,14,14,8.24
600408015 ,04,Female,Black   ,10,04   ,A,45887.0,R    ,35.0,1.0,0.0,0.0,1.0,0.0,0.0,0.0,0.0,0.0,170,170,1,35,0.59,20.59,36,36,21.18
600409591 ,05,Male  ,Black   ,12,04   ,A,45887.0,R    ,10.0,5.0,0,0,0,0,0,0,0,0,170,170,5,10,2.94,5.88,15,15,8.82
600411570 ,01,Female,Black   ,7,02   ,A,45887.0,R    ,17.0,0.0,0,0,0,0,0,0,0,0,170,170,0,17,0,10,17,17,10
600410176 ,01,Male  ,Black   ,7,04   ,A,45887.0,R    ,22.0,4.0,0,0,0,0,0,0,0,0,170,170,4,22,2.35,12.94,26,26,15.29
600409592 ,04,Male  ,Black   ,10,04   ,A,45887.0,R    ,78.0,15.0,0.0,3.0,1.0,0.0,0.0,0.0,4.0,0.0,170,170,15,78,8.82,45.88,93,93,54.71
600406343 ,03,Male  ,Black   ,9,03   ,A,45887.0,R    ,9.0,0.0,0.0,0.0,0.0,0.0,0.0,0.0,1.0,0.0,170,170,0,9,0,5.29,9,9,5.29
600409616 ,05,Male  ,Black   ,11,05   ,A,45887.0,R    ,9.0,0.0,0,0,0,0,0,0,0,0,170,170,0,9,0,5.29,9,9,5.29
600412575 ,KF,Female,Black   ,6,03   ,A,45887.0,R    ,26.0,0.0,0,0,0,0,0,0,0,0,170,170,0,26,0,15.29,26,26,15.29
600403598 ,05,Male  ,NonBlack,11,05   ,A,45887.0,R    ,8.0,0.0,0,0,0,0,0,0,0,0,170,170,0,8,0,4.71,8,8,4.71
600411314 ,KF,Male  ,Black   ,6,04   ,A,45887.0,R    ,15.0,3.0,0,0,0,0,0,0,0,0,170,170,3,15,1.76,8.82,18,18,10.59
600404856 ,04,Female,NonBlack,9,05   ,A,45887.0,R    ,7.0,2.0,0,0,0,0,0,0,0,0,170,170,2,7,1.18,4.12,9,9,5.29
600407804 ,05,Female,NonBlack,11,03   ,A,45887.0,R    ,14.0,0.0,0,0,0,0,0,0,0,0,170,170,0,14,0,8.24,14,14,8.24
600412961 ,03,Female,Black   ,9,03   ,A,46030.0,R    ,5.0,0.0,0,0,0,0,0,0,0,0,170,170,0,5,0,2.94,5,5,2.94
600404857 ,04,Male  ,Black   ,10,05   ,A,45887.0,R    ,4.0,0.0,0,0,0,0,0,0,0,0,170,170,0,4,0,2.35,4,4,2.35
600412962 ,04,Female,Black   ,10,03   ,A,46030.0,R    ,5.0,0.0,0,0,0,0,0,0,0,0,170,170,0,5,0,2.94,5,5,2.94
600409719 ,04,Male  ,NonBlack,10,05   ,A,45887.0,R    ,99.0,0.0,0.0,1.0,1.0,0.0,0.0,0.0,3.0,0.0,170,170,0,99,0,58.24,99,99,58.24
600409990 ,02,Female,Black   ,8,03   ,A,45887.0,R    ,6.0,0.0,0,0,0,0,0,0,0,0,170,170,0,6,0,3.53,6,6,3.53
600413205 ,04,Female,Black   ,10,03   ,A,46122.0,R    ,5.0,0.0,0,0,0,0,0,0,0,0,170,170,0,5,0,2.94,5,5,2.94
600403287 ,05,Male  ,Black   ,11,02   ,A,46028.0,R    ,5.0,2.0,0,0,0,0,0,0,0,0,170,170,2,5,1.18,2.94,7,7,4.12
600412625 ,KF,Female,Black   ,6,02   ,A,45887.0,R    ,3.0,4.0,0,0,0,0,0,0,0,0,170,170,4,3,2.35,1.76,7,7,4.12
600411670 ,01,Male  ,Black   ,7,01   ,A,45887.0,R    ,32.0,5.0,0.0,0.0,4.0,0.0,0.0,0.0,0.0,0.0,170,170,5,32,2.94,18.82,37,37,21.76
600411337 ,KF,Female,NonBlack,6,05   ,A,45887.0,R    ,23.0,11.0,0,0,0,0,0,0,0,0,170,170,11,23,6.47,13.53,34,34,20
600405524 ,05,Female,NonBlack,12,04   ,A,45887.0,R    ,20.0,3.0,0.0,0.0,0.0,0.0,0.0,0.0,6.0,0.0,170,170,3,20,1.76,11.76,23,23,13.53
600410731 ,03,Female,Black   ,9,04   ,A,45887.0,R    ,16.0,7.0,0.0,0.0,1.0,0.0,0.0,0.0,0.0,0.0,170,170,7,16,4.12,9.41,23,23,13.53
600410561 ,02,Female,Black   ,8,05   ,A,45887.0,R    ,45.0,1.0,0.0,0.0,1.0,0.0,0.0,0.0,0.0,0.0,170,170,1,45,0.59,26.47,46,46,27.06
600407370 ,02,Male  ,NonBlack,8,03   ,A,45887.0,R    ,7.0,3.0,0,0,0,0,0,0,0,0,170,170,3,7,1.76,4.12,10,10,5.88
600413234 ,05,Male  ,Black   ,11,03   ,A,46141.0,C    ,2.0,0.0,0,0,0,0,0,0,0,0,170,170,0,2,0,1.18,2,2,1.18
600411883 ,02,Female,Black   ,8,01   ,A,45887.0,S    ,13.0,2.0,0,0,0,0,0,0,0,0,170,170,2,13,1.18,7.65,15,15,8.82
600410945 ,03,Male  ,Black   ,9,04   ,A,45887.0,R    ,5.0,0.0,0.0,2.0,0.0,0.0,0.0,0.0,0.0,0.0,170,170,0,5,0,2.94,5,5,2.94
600406741 ,05,Female,Black   ,11,01   ,A,45887.0,R    ,20.0,3.0,0,0,0,0,0,0,0,0,170,170,3,20,1.76,11.76,23,23,13.53
600409048 ,03,Male  ,Black   ,8,01   ,A,45887.0,R    ,66.0,0.0,0.0,6.0,4.0,1.0,0.0,0.0,0.0,0.0,170,170,0,66,0,38.82,66,66,38.82
600411982 ,02,Female,Black   ,8,04   ,A,45887.0,R    ,11.0,2.0,0,0,0,0,0,0,0,0,170,170,2,11,1.18,6.47,13,13,7.65
600412627 ,KF,Female,Black   ,6,02   ,A,45887.0,R    ,3.0,4.0,0,0,0,0,0,0,0,0,170,170,4,3,2.35,1.76,7,7,4.12
600408653 ,03,Male  ,Black   ,9,04   ,A,45887.0,R    ,15.0,0.0,0,0,0,0,0,0,0,0,170,170,0,15,0,8.82,15,15,8.82
600406330 ,04,Male  ,Black   ,9,05   ,A,45887.0,R    ,5.0,0.0,0,0,0,0,0,0,0,0,170,170,0,5,0,2.94,5,5,2.94
600411149 ,01,Female,Black   ,7,05   ,A,45887.0,R    ,2.0,2.0,0,0,0,0,0,0,0,0,170,170,2,2,1.18,1.18,4,4,2.35
600410212 ,02,Male  ,Black   ,7,04   ,A,45887.0,R    ,11.0,0.0,0,0,0,0,0,0,0,0,170,170,0,11,0,6.47,11,11,6.47
600407841 ,04,Female,Black   ,10,04   ,A,45887.0,R    ,16.0,0.0,0.0,0.0,0.0,0.0,0.0,0.0,2.0,0.0,170,170,0,16,0,9.41,16,16,9.41
600412791 ,KF,Female,NonBlack,6,05   ,A,45889.0,R    ,31.0,5.0,0,0,0,0,0,0,0,0,170,170,5,31,2.94,18.24,36,36,21.18
600410586 ,02,Female,Black   ,8,04   ,A,45887.0,R    ,29.0,31.0,0,0,0,0,0,0,0,0,170,170,31,29,18.24,17.06,60,60,35.29
600413183 ,04,Female,Black   ,10,03   ,A,46113.0,C    ,7.0,0.0,0,0,0,0,0,0,0,0,170,170,0,7,0,4.12,7,7,4.12
600410949 ,KF,Female,Black   ,6,04   ,A,45946.0,R    ,29.0,0.0,0,0,0,0,0,0,0,0,170,170,0,29,0,17.06,29,29,17.06
600412656 ,KF,Male  ,Black   ,6,04   ,A,45887.0,R    ,50.0,0.0,0.0,1.0,3.0,0.0,0.0,0.0,0.0,0.0,170,170,0,50,0,29.41,50,50,29.41
600409110 ,01,Male  ,Black   ,7,04   ,A,45887.0,R    ,33.0,1.0,0.0,0.0,1.0,0.0,0.0,0.0,0.0,0.0,170,170,1,33,0.59,19.41,34,34,20
600411655 ,01,Male  ,NonBlack,7,05   ,A,45887.0,R    ,40.0,3.0,0,0,0,0,0,0,0,0,170,170,3,40,1.76,23.53,43,43,25.29
600409485 ,01,Male  ,Black   ,7,04   ,A,45994.0,R    ,3.0,2.0,0,0,0,0,0,0,0,0,170,170,2,3,1.18,1.76,5,5,2.94
600413072 ,03,Male  ,NonBlack,9,05   ,A,46030.0,R    ,9.0,0.0,0.0,1.0,1.0,0.0,0.0,0.0,2.0,0.0,170,170,0,9,0,5.29,9,9,5.29
600407494 ,05,Male  ,Black   ,11,06   ,A,46029.0,S    ,52.0,6.0,6.0,4.0,0.0,0.0,0.0,0.0,0.0,0.0,170,170,6,52,3.53,30.59,58,58,34.12
600411656 ,01,Male  ,Black   ,7,03   ,A,45937.0,R    ,180.0,3.0,1.0,2.0,4.0,0.0,0.0,0.0,0.0,0.0,170,170,3,180,1.76,105.88,183,183,107.65
600411744 ,KF,Female,Black   ,6,03   ,A,45937.0,R    ,58.0,1.0,0,0,0,0,0,0,0,0,170,170,1,58,0.59,34.12,59,59,34.71
600411318 ,01,Female,NonBlack,7,03   ,A,45887.0,R    ,15.0,1.0,0,0,0,0,0,0,0,0,170,170,1,15,0.59,8.82,16,16,9.41
600412660 ,KF,Female,NonBlack,6,05   ,A,45887.0,R    ,23.0,10.0,0,0,0,0,0,0,0,0,170,170,10,23,5.88,13.53,33,33,19.41
600410129 ,02,Female,NonBlack,8,05   ,A,45887.0,R    ,8.0,0.0,0,0,0,0,0,0,0,0,170,170,0,8,0,4.71,8,8,4.71
600409037 ,01,Female,Black   ,7,04   ,A,45887.0,R    ,13.0,1.0,0,0,0,0,0,0,0,0,170,170,1,13,0.59,7.65,14,14,8.24
600411464 ,01,Male  ,Black   ,7,05   ,A,45887.0,R    ,18.0,0.0,0.0,4.0,3.0,0.0,0.0,0.0,0.0,0.0,170,170,0,18,0,10.59,18,18,10.59
600412574 ,03,Female,NonBlack,9,03   ,A,45887.0,R    ,5.0,0.0,0,0,0,0,0,0,0,0,170,170,0,5,0,2.94,5,5,2.94
600406959 ,05,Female,NonBlack,10,05   ,A,45887.0,R    ,10.0,3.0,0,0,0,0,0,0,0,0,170,170,3,10,1.76,5.88,13,13,7.65
600408900 ,03,Male  ,NonBlack,9,05   ,A,45887.0,R    ,2.0,8.0,0,0,0,0,0,0,0,0,170,170,8,2,4.71,1.18,10,10,5.88
600406298 ,05,Male  ,NonBlack,11,04   ,A,45887.0,R    ,60.0,16.0,1.0,2.0,1.0,0.0,0.0,0.0,1.0,0.0,170,170,16,60,9.41,35.29,76,76,44.71
600407415 ,03,Female,NonBlack,8,04   ,A,45887.0,R    ,7.0,3.0,1.0,0.0,0.0,0.0,0.0,0.0,0.0,0.0,170,170,3,7,1.76,4.12,10,10,5.88
600408948 ,03,Male  ,NonBlack,9,05   ,A,45887.0,R    ,4.0,7.0,0,0,0,0,0,0,0,0,170,170,7,4,4.12,2.35,11,11,6.47
600407414 ,03,Female,NonBlack,8,04   ,A,45887.0,R    ,2.0,3.0,0.0,0.0,1.0,0.0,0.0,0.0,0.0,0.0,170,170,3,2,1.76,1.18,5,5,2.94
600412309 ,04,Male  ,NonBlack,10,01   ,A,45887.0,R    ,21.0,9.0,0.0,1.0,1.0,0.0,0.0,0.0,1.0,0.0,170,170,9,21,5.29,12.35,30,30,17.65
600410141 ,KF,Female,NonBlack,6,06   ,A,45887.0,R    ,13.0,0.0,0,0,0,0,0,0,0,0,170,170,0,13,0,7.65,13,13,7.65
600403607 ,05,Female,NonBlack,11,04   ,A,45887.0,R    ,5.0,0.0,0.0,0.0,1.0,0.0,0.0,0.0,0.0,0.0,170,170,0,5,0,2.94,5,5,2.94
600411732 ,02,Male  ,NonBlack,7,04   ,A,45887.0,R    ,45.0,0.0,0.0,5.0,3.0,0.0,0.0,0.0,1.0,0.0,170,170,0,45,0,26.47,45,45,26.47
600408513 ,01,Male  ,Black   ,7,04   ,A,45887.0,R    ,18.0,18.0,0.0,1.0,1.0,0.0,0.0,0.0,0.0,0.0,170,170,18,18,10.59,10.59,36,36,21.18
600409889 ,KF,Male  ,Black   ,6,04   ,A,45973.0,R    ,7.0,6.0,0.0,0.0,0.0,0.0,0.0,0.0,2.0,0.0,170,170,6,7,3.53,4.12,13,13,7.65
600410150 ,01,Male  ,Black   ,6,04   ,A,45887.0,R    ,10.0,3.0,0,0,0,0,0,0,0,0,170,170,3,10,1.76,5.88,13,13,7.65
600412573 ,KF,Male  ,NonBlack,6,01   ,A,45887.0,R    ,2.0,4.0,0,0,0,0,0,0,0,0,170,170,4,2,2.35,1.18,6,6,3.53
600409083 ,01,Male  ,Black   ,7,05   ,A,45887.0,R    ,3.0,0.0,0,0,0,0,0,0,0,0,170,170,0,3,0,1.76,3,3,1.76
600411725 ,KF,Female,Black   ,6,05   ,A,45887.0,R    ,7.0,0.0,0,0,0,0,0,0,0,0,170,170,0,7,0,4.12,7,7,4.12
600408346 ,01,Female,Black   ,8,04   ,A,45887.0,R    ,19.0,6.0,0,0,0,0,0,0,0,0,170,170,6,19,3.53,11.18,25,25,14.71
600408586 ,03,Male  ,NonBlack,9,03   ,A,45887.0,R    ,11.0,2.0,0,0,0,0,0,0,0,0,170,170,2,11,1.18,6.47,13,13,7.65
600411604 ,01,Female,NonBlack,8,02   ,A,45887.0,R    ,27.0,6.0,0,0,0,0,0,0,0,0,170,170,6,27,3.53,15.88,33,33,19.41
600411603 ,01,Male  ,NonBlack,6,02   ,A,45887.0,R    ,26.0,6.0,0,0,0,0,0,0,0,0,170,170,6,26,3.53,15.29,32,32,18.82
600408470 ,03,Male  ,NonBlack,10,05   ,A,45887.0,R    ,4.0,0.0,0,0,0,0,0,0,0,0,170,170,0,4,0,2.35,4,4,2.35
600408774 ,03,Female,NonBlack,9,05   ,A,45887.0,R    ,1.0,1.0,0,0,0,0,0,0,0,0,170,170,1,1,0.59,0.59,2,2,1.18
600412751 ,KF,Female,Black   ,6,04   ,A,46031.0,R    ,15.0,5.0,0,0,0,0,0,0,0,0,170,170,5,15,2.94,8.82,20,20,11.76
600412755 ,KF,Male  ,NonBlack,7,01   ,A,45887.0,R    ,22.0,5.0,0,0,0,0,0,0,0,0,170,170,5,22,2.94,12.94,27,27,15.88
600412753 ,02,Male  ,NonBlack,8,01   ,A,45889.0,R    ,14.0,12.0,0.0,2.0,2.0,0.0,0.0,0.0,0.0,0.0,170,170,12,14,7.06,8.24,26,26,15.29
600412691 ,04,Male  ,NonBlack,10,01   ,A,45887.0,R    ,36.0,6.0,0.0,2.0,0.0,1.0,0.0,0.0,1.0,0.0,170,170,6,36,3.53,21.18,42,42,24.71
600412808 ,KF,Male  ,Black   ,6,04   ,A,46113.0,R    ,30.0,0.0,0.0,1.0,1.0,0.0,0.0,0.0,0.0,0.0,170,170,0,30,0,17.65,30,30,17.65
600412091 ,01,Female,Black   ,7,04   ,A,46113.0,R    ,28.0,0.0,0.0,4.0,0.0,0.0,0.0,0.0,1.0,0.0,170,170,0,28,0,16.47,28,28,16.47
600409254 ,03,Female,Black   ,9,04   ,A,46030.0,R    ,16.0,0.0,0.0,1.0,0.0,0.0,0.0,0.0,0.0,0.0,170,170,0,16,0,9.41,16,16,9.41
600412792 ,KF,Male  ,NonBlack,6,05   ,A,45888.0,R    ,16.0,2.0,0,0,0,0,0,0,0,0,170,170,2,16,1.18,9.41,18,18,10.59
600412793 ,KF,Male  ,NonBlack,6,05   ,A,45888.0,R    ,16.0,2.0,0,0,0,0,0,0,0,0,170,170,2,16,1.18,9.41,18,18,10.59
600411566 ,KF,Male  ,Black   ,7,05   ,A,45887.0,R    ,6.0,8.0,0,0,0,0,0,0,0,0,170,170,8,6,4.71,3.53,14,14,8.24
600411526 ,KF,Female,Black   ,6,04   ,A,45887.0,R    ,16.0,0.0,0,0,0,0,0,0,0,0,170,170,0,16,0,9.41,16,16,9.41
600409635 ,03,Female,NonBlack,8,04   ,A,45887.0,R    ,5.0,4.0,0,0,0,0,0,0,0,0,170,170,4,5,2.35,2.94,9,9,5.29
600412301 ,KF,Male  ,NonBlack,7,05   ,A,45891.0,R    ,0.0,8.0,0,0,0,0,0,0,0,0,170,170,8,0,4.71,0,8,8,4.71
600408051 ,04,Male  ,NonBlack,9,01   ,A,45887.0,R    ,7.0,4.0,0,0,0,0,0,0,0,0,170,170,4,7,2.35,4.12,11,11,6.47
600412286 ,01,Male  ,NonBlack,7,06   ,A,45887.0,R    ,6.0,6.0,0,0,0,0,0,0,0,0,170,170,6,6,3.53,3.53,12,12,7.06
600411613 ,03,Female,NonBlack,9,01   ,A,45887.0,R    ,8.0,7.0,0,0,0,0,0,0,0,0,170,170,7,8,4.12,4.71,15,15,8.82
600408002 ,05,Female,Black   ,11,04   ,A,45887.0,R    ,10.0,1.0,0,0,0,0,0,0,0,0,170,170,1,10,0.59,5.88,11,11,6.47
600410067 ,01,Male  ,Black   ,8,04   ,A,45887.0,R    ,26.0,5.0,0,0,0,0,0,0,0,0,170,170,5,26,2.94,15.29,31,31,18.24
600410677 ,05,Female,NonBlack,11,01   ,A,45887.0,R    ,25.0,0.0,0,0,0,0,0,0,0,0,170,170,0,25,0,14.71,25,25,14.71
600407934 ,02,Male  ,Black   ,7,01   ,A,45887.0,R    ,5.0,1.0,0,0,0,0,0,0,0,0,170,170,1,5,0.59,2.94,6,6,3.53
600411649 ,05,Male  ,Black   ,10,04   ,A,45887.0,R    ,23.0,0.0,0,0,0,0,0,0,0,0,170,170,0,23,0,13.53,23,23,13.53
600411807 ,KF,Male  ,Black   ,6,04   ,A,45887.0,R    ,21.0,1.0,0,0,0,0,0,0,0,0,170,170,1,21,0.59,12.35,22,22,12.94
600411578 ,01,Male  ,NonBlack,8,02   ,A,45887.0,R    ,5.0,0.0,0.0,0.0,0.0,0.0,0.0,0.0,1.0,0.0,170,170,0,5,0,2.94,5,5,2.94
600405712 ,04,Male  ,Black   ,10,04   ,A,45887.0,R    ,42.0,0.0,0.0,2.0,1.0,0.0,0.0,0.0,0.0,0.0,170,170,0,42,0,24.71,42,42,24.71
600412298 ,KF,Female,Black   ,6,05   ,A,45887.0,R    ,6.0,2.0,0,0,0,0,0,0,0,0,170,170,2,6,1.18,3.53,8,8,4.71
600412676 ,KF,Male  ,Black   ,6,01   ,A,46119.0,R    ,7.0,0.0,0,0,0,0,0,0,0,0,170,170,0,7,0,4.12,7,7,4.12
600412614 ,02,Male  ,Black   ,8,01   ,A,45887.0,S    ,16.0,4.0,0,0,0,0,0,0,0,0,170,170,4,16,2.35,9.41,20,20,11.76
600413099 ,04,Female,NonBlack,10,03   ,A,46056.0,C    ,9.0,0.0,0,0,0,0,0,0,0,0,170,170,0,9,0,5.29,9,9,5.29
600410612 ,02,Female,NonBlack,8,05   ,A,45887.0,R    ,7.0,8.0,0,0,0,0,0,0,0,0,170,170,8,7,4.71,4.12,15,15,8.82
600412664 ,KF,Female,NonBlack,5,01   ,A,45887.0,R    ,15.0,3.0,0,0,0,0,0,0,0,0,170,170,3,15,1.76,8.82,18,18,10.59
600404946 ,04,Male  ,NonBlack,10,03   ,A,45887.0,R    ,6.0,9.0,0.0,1.0,0.0,0.0,0.0,0.0,0.0,0.0,170,170,9,6,5.29,3.53,15,15,8.82
600411775 ,01,Female,Black   ,7,04   ,A,45887.0,R    ,18.0,4.0,0,0,0,0,0,0,0,0,170,170,4,18,2.35,10.59,22,22,12.94
600408880 ,05,Male  ,NonBlack,11,02   ,A,45887.0,R    ,9.0,0.0,0.0,0.0,1.0,0.0,0.0,0.0,0.0,0.0,170,170,0,9,0,5.29,9,9,5.29
600408897 ,03,Female,NonBlack,9,02   ,A,45887.0,R    ,7.0,0.0,0,0,0,0,0,0,0,0,170,170,0,7,0,4.12,7,7,4.12
600407952 ,04,Female,Black   ,10,04   ,A,45887.0,R    ,13.0,0.0,0,0,0,0,0,0,0,0,170,170,0,13,0,7.65,13,13,7.65
600411285 ,01,Male  ,Black   ,7,03   ,A,45887.0,R    ,7.0,3.0,0.0,1.0,0.0,0.0,0.0,0.0,0.0,0.0,170,170,3,7,1.76,4.12,10,10,5.88
600411513 ,01,Female,NonBlack,7,01   ,A,45887.0,R    ,24.0,6.0,0,0,0,0,0,0,0,0,170,170,6,24,3.53,14.12,30,30,17.65
600403650 ,05,Female,NonBlack,11,03   ,A,45887.0,R    ,27.0,4.0,0,0,0,0,0,0,0,0,170,170,4,27,2.35,15.88,31,31,18.24
600413174 ,01,Female,NonBlack,6,04   ,A,46111.0,R    ,6.0,0.0,0,0,0,0,0,0,0,0,170,170,0,6,0,3.53,6,6,3.53
600403655 ,05,Female,NonBlack,11,05   ,A,45887.0,R    ,16.0,9.0,0,0,0,0,0,0,0,0,170,170,9,16,5.29,9.41,25,25,14.71
600407131 ,05,Male  ,Black   ,11,04   ,A,46035.0,R1   ,58.0,0.0,0.0,1.0,2.0,0.0,0.0,0.0,0.0,0.0,170,170,0,58,0,34.12,58,58,34.12
600405130 ,05,Female,Black   ,12,01   ,A,45887.0,R    ,0.0,0.0,0,0,0,0,0,0,0,0,170,170,0,0,0,0,0,0,0
600410474 ,02,Female,NonBlack,8,05   ,A,45887.0,R    ,12.0,0.0,0,0,0,0,0,0,0,0,170,170,0,12,0,7.06,12,12,7.06
600408731 ,03,Male  ,Black   ,9,04   ,A,45887.0,R    ,49.0,6.0,0,0,0,0,0,0,0,0,170,170,6,49,3.53,28.82,55,55,32.35
600406603 ,04,Male  ,Black   ,11,04   ,A,45887.0,R    ,43.0,6.0,0.0,0.0,1.0,0.0,0.0,0.0,0.0,0.0,170,170,6,43,3.53,25.29,49,49,28.82
600410981 ,02,Female,Black   ,7,04   ,A,45887.0,R    ,51.0,6.0,0,0,0,0,0,0,0,0,170,170,6,51,3.53,30,57,57,33.53
600407661 ,03,Male  ,Black   ,9,05   ,A,45915.0,R    ,33.0,1.0,0,0,0,0,0,0,0,0,170,170,1,33,0.59,19.41,34,34,20
600409432 ,02,Male  ,Black   ,8,05   ,A,45915.0,R    ,39.0,1.0,0,0,0,0,0,0,0,0,170,170,1,39,0.59,22.94,40,40,23.53
600411159 ,03,Female,Black   ,9,04   ,A,46028.0,R    ,11.0,0.0,0,0,0,0,0,0,0,0,170,170,0,11,0,6.47,11,11,6.47
600411645 ,04,Male  ,Black   ,9,03   ,A,45887.0,R    ,30.0,2.0,1.0,4.0,0.0,0.0,0.0,0.0,0.0,0.0,170,170,2,30,1.18,17.65,32,32,18.82
600411644 ,05,Female,Black   ,10,05   ,A,45887.0,R    ,19.0,3.0,0,0,0,0,0,0,0,0,170,170,3,19,1.76,11.18,22,22,12.94
600412330 ,KF,Female,Black   ,5,04   ,A,45887.0,R    ,16.0,0.0,0,0,0,0,0,0,0,0,170,170,0,16,0,9.41,16,16,9.41
600408847 ,04,Female,Black   ,10,03   ,A,45887.0,R    ,14.0,0.0,0,0,0,0,0,0,0,0,170,170,0,14,0,8.24,14,14,8.24
600411307 ,01,Female,Black   ,7,03   ,A,45887.0,R    ,13.0,1.0,0,0,0,0,0,0,0,0,170,170,1,13,0.59,7.65,14,14,8.24
600409652 ,03,Male  ,Black   ,9,04   ,A,45973.0,R    ,9.0,3.0,0.0,0.0,1.0,0.0,0.0,0.0,0.0,0.0,170,170,3,9,1.76,5.29,12,12,7.06
600411755 ,01,Male  ,NonBlack,7,04   ,A,45887.0,S    ,45.0,3.0,0.0,0.0,0.0,0.0,0.0,0.0,0.0,1.0,170,170,3,45,1.76,26.47,48,48,28.24
600409495 ,03,Female,Black   ,9,05   ,A,45887.0,R    ,7.0,0.0,0,0,0,0,0,0,0,0,170,170,0,7,0,4.12,7,7,4.12
600412632 ,KF,Female,NonBlack,5,03   ,A,45887.0,R    ,56.0,1.0,0,0,0,0,0,0,0,0,170,170,1,56,0.59,32.94,57,57,33.53
600410113 ,02,Male  ,NonBlack,8,04   ,A,45887.0,R    ,16.0,1.0,0,0,0,0,0,0,0,0,170,170,1,16,0.59,9.41,17,17,10
600403668 ,05,Female,Black   ,11,01   ,A,45887.0,R    ,12.0,2.0,0.0,0.0,1.0,0.0,0.0,0.0,3.0,0.0,170,170,2,12,1.18,7.06,14,14,8.24
600407159 ,04,Male  ,Black   ,10,05   ,A,45909.0,R    ,8.0,0.0,1.0,0.0,0.0,0.0,0.0,0.0,0.0,0.0,170,170,0,8,0,4.71,8,8,4.71
600405070 ,05,Female,Black   ,11,05   ,A,45887.0,R    ,20.0,3.0,0.0,3.0,0.0,0.0,0.0,0.0,0.0,0.0,170,170,3,20,1.76,11.76,23,23,13.53
600406351 ,03,Female,Black   ,9,02   ,A,45887.0,R    ,16.0,2.0,0,0,0,0,0,0,0,0,170,170,2,16,1.18,9.41,18,18,10.59
600407669 ,03,Female,Black   ,9,05   ,A,45887.0,R    ,5.0,0.0,0,0,0,0,0,0,0,0,170,170,0,5,0,2.94,5,5,2.94
600406237 ,05,Female,NonBlack,11,03   ,A,45887.0,R    ,9.0,0.0,0,0,0,0,0,0,0,0,170,170,0,9,0,5.29,9,9,5.29
600410130 ,05,Male  ,NonBlack,11,05   ,A,45887.0,R    ,9.0,3.0,0,0,0,0,0,0,0,0,170,170,3,9,1.76,5.29,12,12,7.06
600411615 ,04,Male  ,NonBlack,10,01   ,A,45887.0,R    ,8.0,0.0,0.0,1.0,1.0,0.0,0.0,0.0,0.0,0.0,170,170,0,8,0,4.71,8,8,4.71
600407249 ,02,Male  ,Black   ,8,03   ,A,45887.0,R    ,5.0,4.0,0,0,0,0,0,0,0,0,170,170,4,5,2.35,2.94,9,9,5.29
600411614 ,03,Male  ,NonBlack,9,01   ,A,45887.0,R    ,8.0,0.0,0,0,0,0,0,0,0,0,170,170,0,8,0,4.71,8,8,4.71
600407943 ,04,Male  ,NonBlack,10,01   ,A,45887.0,R    ,0.0,0.0,0,0,0,0,0,0,0,0,170,170,0,0,0,0,0,0,0
600410211 ,01,Female,NonBlack,7,05   ,A,45887.0,R    ,5.0,4.0,0,0,0,0,0,0,0,0,170,170,4,5,2.35,2.94,9,9,5.29
600408904 ,03,Male  ,Black   ,9,04   ,A,45887.0,R    ,8.0,0.0,0.0,0.0,3.0,0.0,0.0,0.0,0.0,0.0,170,170,0,8,0,4.71,8,8,4.71
600406479 ,05,Female,NonBlack,11,01   ,A,45887.0,R    ,11.0,1.0,0,0,0,0,0,0,0,0,170,170,1,11,0.59,6.47,12,12,7.06
600410170 ,02,Female,NonBlack,7,05   ,A,45887.0,R    ,3.0,10.0,0,0,0,0,0,0,0,0,170,170,10,3,5.88,1.76,13,13,7.65
600411512 ,KF,Female,NonBlack,7,04   ,A,45887.0,R    ,1.0,2.0,0,0,0,0,0,0,0,0,170,170,2,1,1.18,0.59,3,3,1.76
600405515 ,05,Female,NonBlack,12,04   ,A,45887.0,R    ,1.0,2.0,0,0,0,0,0,0,0,0,170,170,2,1,1.18,0.59,3,3,1.76
600405145 ,03,Female,NonBlack,10,05   ,A,45887.0,R    ,1.0,0.0,0,0,0,0,0,0,0,0,170,170,0,1,0,0.59,1,1,0.59
600412991 ,03,Female,Black   ,9,04   ,A,45993.0,C    ,50.0,0.0,0,0,0,0,0,0,0,0,170,170,0,50,0,29.41,50,50,29.41
600412990 ,04,Male  ,Black   ,11,04   ,A,45993.0,C    ,70.0,0.0,1.0,6.0,0.0,0.0,0.0,0.0,0.0,0.0,170,170,0,70,0,41.18,70,70,41.18
600406635 ,05,Male  ,Black   ,10,04   ,A,45887.0,R    ,6.0,3.0,0,0,0,0,0,0,0,0,170,170,3,6,1.76,3.53,9,9,5.29
600412796 ,KF,Male  ,NonBlack,7,01   ,A,45889.0,R    ,5.0,2.0,0,0,0,0,0,0,0,0,170,170,2,5,1.18,2.94,7,7,4.12
600412797 ,05,Male  ,NonBlack,11,01   ,A,45889.0,R    ,5.0,3.0,0,0,0,0,0,0,0,0,170,170,3,5,1.76,2.94,8,8,4.71
600412895 ,05,Female,Black   ,11,04   ,A,45929.0,C    ,21.0,3.0,0.0,0.0,1.0,0.0,0.0,0.0,0.0,0.0,170,170,3,21,1.76,12.35,24,24,14.12
600410033 ,02,Male  ,NonBlack,8,04   ,A,45887.0,R    ,11.0,6.0,0,0,0,0,0,0,0,0,170,170,6,11,3.53,6.47,17,17,10
600406743 ,03,Male  ,NonBlack,9,04   ,A,45887.0,R    ,8.0,3.0,0,0,0,0,0,0,0,0,170,170,3,8,1.76,4.71,11,11,6.47
600411569 ,01,Male  ,NonBlack,6,04   ,A,45887.0,R    ,3.0,4.0,0,0,0,0,0,0,0,0,170,170,4,3,2.35,1.76,7,7,4.12
600412936 ,03,Male  ,NonBlack,10,03   ,A,46112.0,D    ,5.0,0.0,0,0,0,0,0,0,0,0,170,170,0,5,0,2.94,5,5,2.94
600410826 ,04,Male  ,Black   ,10,05   ,A,45887.0,R    ,3.0,1.0,0,0,0,0,0,0,0,0,170,170,1,3,0.59,1.76,4,4,2.35
600412889 ,04,Male  ,NonBlack,10,04   ,A,45925.0,C    ,20.0,0.0,0.0,1.0,0.0,0.0,0.0,0.0,1.0,0.0,170,170,0,20,0,11.76,20,20,11.76
600412888 ,03,Male  ,NonBlack,8,04   ,A,45925.0,C    ,6.0,0.0,1.0,0.0,0.0,0.0,0.0,0.0,0.0,0.0,170,170,0,6,0,3.53,6,6,3.53
600411942 ,KF,Male  ,NonBlack,6,05   ,A,45887.0,S    ,17.0,8.0,0,0,0,0,0,0,0,0,170,170,8,17,4.71,10,25,25,14.71
600406408 ,03,Female,Black   ,8,05   ,A,45887.0,R    ,20.0,0.0,0,0,0,0,0,0,0,0,170,170,0,20,0,11.76,20,20,11.76
600408651 ,03,Male  ,NonBlack,9,02   ,A,45887.0,R    ,4.0,5.0,0,0,0,0,0,0,0,0,170,170,5,4,2.94,2.35,9,9,5.29
600412228 ,KF,Female,NonBlack,5,02   ,A,45887.0,R    ,5.0,5.0,0,0,0,0,0,0,0,0,170,170,5,5,2.94,2.94,10,10,5.88
600407968 ,04,Male  ,Black   ,10,04   ,A,45887.0,R    ,18.0,0.0,0,0,0,0,0,0,0,0,170,170,0,18,0,10.59,18,18,10.59
600405069 ,05,Male  ,Black   ,11,04   ,A,45937.0,R    ,27.0,0.0,0.0,0.0,1.0,0.0,0.0,0.0,0.0,0.0,170,170,0,27,0,15.88,27,27,15.88
600413178 ,04,Female,NonBlack,10,04   ,A,46118.0,D    ,3.0,0.0,0,0,0,0,0,0,0,0,170,170,0,3,0,1.76,3,3,1.76
600408193 ,04,Female,Black   ,10,04   ,A,45887.0,R    ,6.0,0.0,0,0,0,0,0,0,0,0,170,170,0,6,0,3.53,6,6,3.53
600410861 ,02,Female,NonBlack,8,04   ,A,45887.0,R    ,18.0,10.0,0,0,0,0,0,0,0,0,170,170,10,18,5.88,10.59,28,28,16.47
600408883 ,02,Female,NonBlack,9,05   ,A,45887.0,R    ,5.0,5.0,0,0,0,0,0,0,0,0,170,170,5,5,2.94,2.94,10,10,5.88
600409441 ,KF,Female,NonBlack,7,05   ,A,45887.0,R    ,1.0,0.0,0,0,0,0,0,0,0,0,170,170,0,1,0,0.59,1,1,0.59
600412657 ,KF,Female,NonBlack,6,05   ,A,45887.0,R    ,2.0,4.0,0.0,1.0,0.0,0.0,0.0,0.0,0.0,0.0,170,170,4,2,2.35,1.18,6,6,3.53
600409293 ,02,Male  ,NonBlack,9,04   ,A,45887.0,R    ,4.0,0.0,0.0,0.0,0.0,0.0,0.0,0.0,2.0,0.0,170,170,0,4,0,2.35,4,4,2.35
600413006 ,01,Male  ,Black   ,7,05   ,A,45992.0,C    ,35.0,6.0,0,0,0,0,0,0,0,0,170,170,6,35,3.53,20.59,41,41,24.12
600413005 ,01,Male  ,Black   ,7,05   ,A,45992.0,C    ,33.0,5.0,0,0,0,0,0,0,0,0,170,170,5,33,2.94,19.41,38,38,22.35
600413004 ,02,Male  ,Black   ,9,03   ,A,45992.0,C    ,82.0,0.0,0,0,0,0,0,0,0,0,170,170,0,82,0,48.24,82,82,48.24
600410108 ,02,Female,NonBlack,8,03   ,A,45887.0,R    ,2.0,2.0,0,0,0,0,0,0,0,0,170,170,2,2,1.18,1.18,4,4,2.35
600410991 ,05,Female,NonBlack,11,05   ,A,45887.0,R    ,36.0,0.0,0,0,0,0,0,0,0,0,170,170,0,36,0,21.18,36,36,21.18
600408548 ,03,Male  ,Black   ,9,05   ,A,45887.0,R    ,25.0,0.0,0,0,0,0,0,0,0,0,170,170,0,25,0,14.71,25,25,14.71
600405751 ,04,Female,Black   ,10,05   ,A,45887.0,R    ,21.0,6.0,0,0,0,0,0,0,0,0,170,170,6,21,3.53,12.35,27,27,15.88
600411562 ,01,Male  ,Black   ,7,04   ,A,45889.0,R    ,24.0,8.0,0,0,0,0,0,0,0,0,170,170,8,24,4.71,14.12,32,32,18.82
600403682 ,05,Female,NonBlack,11,03   ,A,45887.0,R    ,18.0,0.0,0.0,0.0,1.0,0.0,0.0,0.0,4.0,0.0,170,170,0,18,0,10.59,18,18,10.59
600409079 ,02,Female,NonBlack,8,01   ,A,45887.0,R    ,12.0,1.0,0,0,0,0,0,0,0,0,170,170,1,12,0.59,7.06,13,13,7.65
600406236 ,05,Female,NonBlack,11,06   ,A,45887.0,R    ,86.0,8.0,1.0,1.0,0.0,0.0,0.0,0.0,0.0,0.0,170,170,8,86,4.71,50.59,94,94,55.29
600413094 ,03,Female,Black   ,9,04   ,A,46038.0,C    ,14.0,1.0,0,0,0,0,0,0,0,0,170,170,1,14,0.59,8.24,15,15,8.82
600412759 ,02,Female,Black   ,8,05   ,A,45887.0,R    ,16.0,14.0,0.0,0.0,0.0,0.0,0.0,0.0,1.0,1.0,170,170,14,16,8.24,9.41,30,30,17.65
600411174 ,01,Male  ,NonBlack,8,03   ,A,45887.0,R    ,7.0,0.0,0.0,0.0,2.0,0.0,0.0,0.0,0.0,0.0,170,170,0,7,0,4.12,7,7,4.12
600404948 ,05,Male  ,Black   ,10,05   ,A,45887.0,R    ,9.0,1.0,0,0,0,0,0,0,0,0,170,170,1,9,0.59,5.29,10,10,5.88
600403694 ,05,Male  ,Black   ,11,03   ,A,45887.0,R    ,16.0,2.0,2.0,4.0,0.0,0.0,0.0,0.0,0.0,0.0,170,170,2,16,1.18,9.41,18,18,10.59
600404864 ,04,Female,Black   ,10,03   ,A,45887.0,R    ,3.0,1.0,0,0,0,0,0,0,0,0,170,170,1,3,0.59,1.76,4,4,2.35
600407845 ,04,Female,NonBlack,9,02   ,A,45887.0,R    ,5.0,2.0,0,0,0,0,0,0,0,0,170,170,2,5,1.18,2.94,7,7,4.12
600410124 ,02,Male  ,NonBlack,8,05   ,A,45887.0,R    ,12.0,1.0,0,0,0,0,0,0,0,0,170,170,1,12,0.59,7.06,13,13,7.65
600410698 ,01,Male  ,Black   ,7,04   ,A,45887.0,R    ,30.0,0.0,0.0,4.0,1.0,0.0,0.0,0.0,1.0,0.0,170,170,0,30,0,17.65,30,30,17.65
600410699 ,01,Male  ,Black   ,7,04   ,A,45887.0,R    ,56.0,0.0,1.0,2.0,2.0,0.0,0.0,0.0,2.0,0.0,170,170,0,56,0,32.94,56,56,32.94
600411457 ,01,Female,Black   ,7,04   ,A,45887.0,R    ,30.0,13.0,0,0,0,0,0,0,0,0,170,170,13,30,7.65,17.65,43,43,25.29
600412682 ,05,Female,NonBlack,11,04   ,A,45887.0,R    ,4.0,8.0,0,0,0,0,0,0,0,0,170,170,8,4,4.71,2.35,12,12,7.06
600412688 ,04,Male  ,Black   ,10,04   ,A,45887.0,R    ,2.0,0.0,0,0,0,0,0,0,0,0,170,170,0,2,0,1.18,2,2,1.18
600412596 ,01,Male  ,NonBlack,7,05   ,A,46036.0,R    ,13.0,1.0,0,0,0,0,0,0,0,0,170,170,1,13,0.59,7.65,14,14,8.24
600412310 ,KF,Male  ,NonBlack,6,05   ,A,45887.0,R    ,5.0,3.0,0,0,0,0,0,0,0,0,170,170,3,5,1.76,2.94,8,8,4.71
600411568 ,01,Female,NonBlack,7,03   ,A,45887.0,R    ,1.0,1.0,0,0,0,0,0,0,0,0,170,170,1,1,0.59,0.59,2,2,1.18
600408600 ,03,Male  ,NonBlack,9,05   ,A,45887.0,R    ,14.0,9.0,0,0,0,0,0,0,0,0,170,170,9,14,5.29,8.24,23,23,13.53
600407453 ,04,Male  ,Black   ,10,01   ,A,45887.0,R    ,15.0,1.0,0,0,0,0,0,0,0,0,170,170,1,15,0.59,8.82,16,16,9.41
600407339 ,02,Female,Black   ,8,01   ,A,45887.0,R    ,24.0,2.0,0,0,0,0,0,0,0,0,170,170,2,24,1.18,14.12,26,26,15.29
600408604 ,03,Female,Black   ,9,01   ,A,45887.0,R    ,30.0,2.0,0,0,0,0,0,0,0,0,170,170,2,30,1.18,17.65,32,32,18.82
600406769 ,04,Male  ,NonBlack,10,04   ,A,45887.0,R    ,22.0,2.0,0,0,0,0,0,0,0,0,170,170,2,22,1.18,12.94,24,24,14.12
600407411 ,02,Female,NonBlack,8,04   ,A,45887.0,R    ,15.0,1.0,0,0,0,0,0,0,0,0,170,170,1,15,0.59,8.82,16,16,9.41
600410922 ,05,Female,Black   ,10,04   ,A,45887.0,R    ,9.0,2.0,0.0,2.0,0.0,0.0,0.0,0.0,0.0,0.0,170,170,2,9,1.18,5.29,11,11,6.47
600406516 ,05,Female,Black   ,10,05   ,A,45887.0,R    ,12.0,1.0,0,0,0,0,0,0,0,0,170,170,1,12,0.59,7.06,13,13,7.65
600412856 ,01,Female,NonBlack,7,01   ,A,45904.0,C    ,6.0,1.0,0,0,0,0,0,0,0,0,170,170,1,6,0.59,3.53,7,7,4.12
600405697 ,04,Male  ,NonBlack,10,04   ,A,45887.0,R    ,0.0,3.0,0,0,0,0,0,0,0,0,170,170,3,0,1.76,0,3,3,1.76
600407761 ,03,Male  ,NonBlack,9,04   ,A,45887.0,R    ,0.0,0.0,0,0,0,0,0,0,0,0,170,170,0,0,0,0,0,0,0
600410300 ,KF,Male  ,NonBlack,6,04   ,A,45888.0,R    ,1.0,0.0,0,0,0,0,0,0,0,0,170,170,0,1,0,0.59,1,1,0.59
600409142 ,03,Male  ,NonBlack,9,04   ,A,45887.0,R    ,4.0,6.0,0.0,1.0,1.0,0.0,0.0,0.0,0.0,0.0,170,170,6,4,3.53,2.35,10,10,5.88
600411565 ,01,Male  ,NonBlack,6,04   ,A,45887.0,R    ,3.0,0.0,0,0,0,0,0,0,0,0,170,170,0,3,0,1.76,3,3,1.76
600406409 ,03,Male  ,Black   ,9,05   ,A,45887.0,R    ,7.0,2.0,0.0,0.0,1.0,0.0,0.0,0.0,0.0,0.0,170,170,2,7,1.18,4.12,9,9,5.29
600408033 ,04,Female,NonBlack,10,03   ,A,45887.0,R    ,4.0,1.0,0,0,0,0,0,0,0,0,170,170,1,4,0.59,2.35,5,5,2.94
600408072 ,03,Female,NonBlack,9,01   ,A,45887.0,R    ,6.0,0.0,0,0,0,0,0,0,0,0,170,170,0,6,0,3.53,6,6,3.53
600413219 ,05,Female,Black   ,10,03   ,A,46128.0,C    ,6.0,0.0,0,0,0,0,0,0,0,0,170,170,0,6,0,3.53,6,6,3.53
600412338 ,KF,Female,Black   ,6,04   ,A,45887.0,R    ,1.0,1.0,0.0,0.0,2.0,0.0,0.0,0.0,0.0,0.0,170,170,1,1,0.59,0.59,2,2,1.18
600408566 ,02,Female,NonBlack,8,04   ,A,45887.0,R    ,4.0,0.0,0,0,0,0,0,0,0,0,170,170,0,4,0,2.35,4,4,2.35
600406897 ,05,Female,Black   ,10,04   ,A,45887.0,R    ,1.0,0.0,0,0,0,0,0,0,0,0,170,170,0,1,0,0.59,1,1,0.59
600412358 ,KF,Female,NonBlack,6,01   ,A,45887.0,R    ,11.0,3.0,0,0,0,0,0,0,0,0,170,170,3,11,1.76,6.47,14,14,8.24
600412306 ,KF,Female,NonBlack,6,05   ,A,45887.0,R    ,8.0,0.0,0,0,0,0,0,0,0,0,170,170,0,8,0,4.71,8,8,4.71
600411347 ,01,Female,Black   ,7,05   ,A,45887.0,R    ,34.0,0.0,0,0,0,0,0,0,0,0,170,170,0,34,0,20,34,34,20
600405593 ,04,Male  ,Black   ,10,04   ,A,45887.0,R    ,6.0,0.0,1.0,3.0,0.0,0.0,0.0,0.0,1.0,0.0,170,170,0,6,0,3.53,6,6,3.53
600409327 ,01,Female,Black   ,7,01   ,A,45887.0,R    ,16.0,0.0,0,0,0,0,0,0,0,0,170,170,0,16,0,9.41,16,16,9.41
600407846 ,04,Male  ,Black   ,10,04   ,A,45887.0,R    ,3.0,0.0,0,0,0,0,0,0,0,0,170,170,0,3,0,1.76,3,3,1.76
600410303 ,02,Female,Black   ,8,04   ,A,45887.0,R    ,8.0,0.0,0,0,0,0,0,0,0,0,170,170,0,8,0,4.71,8,8,4.71
600411594 ,02,Female,NonBlack,8,01   ,A,45887.0,R    ,5.0,1.0,0,0,0,0,0,0,0,0,170,170,1,5,0.59,2.94,6,6,3.53
600412304 ,KF,Female,NonBlack,6,01   ,A,45887.0,R    ,5.0,4.0,0,0,0,0,0,0,0,0,170,170,4,5,2.35,2.94,9,9,5.29
600409070 ,02,Male  ,Black   ,8,04   ,A,45887.0,R    ,4.0,0.0,0.0,0.0,0.0,0.0,0.0,0.0,1.0,0.0,170,170,0,4,0,2.35,4,4,2.35
600408708 ,03,Female,NonBlack,9,05   ,A,45887.0,R    ,4.0,0.0,0,0,0,0,0,0,0,0,170,170,0,4,0,2.35,4,4,2.35
600409012 ,03,Male  ,NonBlack,9,01   ,A,45887.0,R    ,4.0,5.0,0.0,1.0,0.0,0.0,0.0,0.0,0.0,0.0,170,170,5,4,2.94,2.35,9,9,5.29
600411575 ,01,Male  ,NonBlack,7,03   ,A,45887.0,R    ,10.0,0.0,0,0,0,0,0,0,0,0,170,170,0,10,0,5.88,10,10,5.88
600407793 ,04,Male  ,NonBlack,10,04   ,A,45887.0,R    ,5.0,4.0,0,0,0,0,0,0,0,0,170,170,4,5,2.35,2.94,9,9,5.29
600409902 ,KF,Female,Black   ,5,04   ,A,45887.0,R    ,35.0,6.0,0,0,0,0,0,0,0,0,170,170,6,35,3.53,20.59,41,41,24.12
600408747 ,01,Female,Black   ,7,04   ,A,45887.0,R    ,36.0,5.0,0,0,0,0,0,0,0,0,170,170,5,36,2.94,21.18,41,41,24.12
600412114 ,03,Male  ,Black   ,9,01   ,A,45887.0,R    ,30.0,12.0,0.0,4.0,1.0,0.0,0.0,0.0,0.0,0.0,170,170,12,30,7.06,17.65,42,42,24.71
600410592 ,04,Male  ,NonBlack,10,05   ,A,45887.0,R    ,5.0,6.0,0.0,0.0,1.0,0.0,0.0,0.0,0.0,0.0,170,170,6,5,3.53,2.94,11,11,6.47
600413034 ,KF,Female,NonBlack,6,05   ,A,46006.0,R    ,22.0,12.0,0,0,0,0,0,0,0,0,170,170,12,22,7.06,12.94,34,34,20
600408572 ,01,Female,NonBlack,7,05   ,A,45887.0,R    ,2.0,2.0,0,0,0,0,0,0,0,0,170,170,2,2,1.18,1.18,4,4,2.35
600409396 ,01,Female,Black   ,7,03   ,A,45887.0,R    ,6.0,0.0,0,0,0,0,0,0,0,0,170,170,0,6,0,3.53,6,6,3.53
600411241 ,KF,Female,Black   ,6,05   ,A,45887.0,R    ,7.0,2.0,0,0,0,0,0,0,0,0,170,170,2,7,1.18,4.12,9,9,5.29
600412218 ,KF,Male  ,Black   ,6,04   ,A,45887.0,R    ,13.0,4.0,0,0,0,0,0,0,0,0,170,170,4,13,2.35,7.65,17,17,10
600405724 ,05,Male  ,Black   ,11,04   ,A,45887.0,R    ,6.0,2.0,1.0,0.0,2.0,0.0,0.0,0.0,0.0,0.0,170,170,2,6,1.18,3.53,8,8,4.71
600408875 ,03,Female,Black   ,9,04   ,A,45887.0,R    ,1.0,0.0,0,0,0,0,0,0,0,0,170,170,0,1,0,0.59,1,1,0.59
600409370 ,02,Female,Black   ,8,04   ,A,45887.0,R    ,2.0,1.0,0,0,0,0,0,0,0,0,170,170,1,2,0.59,1.18,3,3,1.76
600410466 ,KF,Male  ,Black   ,6,04   ,A,45887.0,R    ,4.0,0.0,0,0,0,0,0,0,0,0,170,170,0,4,0,2.35,4,4,2.35
600407496 ,03,Male  ,NonBlack,9,05   ,A,45887.0,R    ,8.0,2.0,0,0,0,0,0,0,0,0,170,170,2,8,1.18,4.71,10,10,5.88
600411546 ,04,Female,Black   ,10,04   ,A,45887.0,R    ,3.0,0.0,0,0,0,0,0,0,0,0,170,170,0,3,0,1.76,3,3,1.76
600409433 ,02,Female,NonBlack,8,04   ,A,45887.0,R    ,56.0,39.0,0,0,0,0,0,0,0,0,170,170,39,56,22.94,32.94,95,95,55.88
600407454 ,03,Male  ,NonBlack,9,05   ,A,45887.0,R    ,11.0,2.0,0,0,0,0,0,0,0,0,170,170,2,11,1.18,6.47,13,13,7.65
600411914 ,KF,Female,NonBlack,6,01   ,A,45887.0,R    ,32.0,1.0,0,0,0,0,0,0,0,0,170,170,1,32,0.59,18.82,33,33,19.41
600410319 ,KF,Male  ,Black   ,7,04   ,A,45887.0,R    ,10.0,1.0,0.0,1.0,0.0,0.0,0.0,0.0,0.0,0.0,170,170,1,10,0.59,5.88,11,11,6.47
600408048 ,05,Male  ,NonBlack,11,01   ,A,45887.0,R    ,20.0,12.0,0.0,1.0,1.0,0.0,0.0,0.0,0.0,0.0,170,170,12,20,7.06,11.76,32,32,18.82
600410266 ,01,Male  ,Black   ,8,01   ,A,45887.0,R    ,2.0,7.0,0.0,0.0,1.0,0.0,0.0,0.0,0.0,0.0,170,170,7,2,4.12,1.18,9,9,5.29
600410208 ,KF,Male  ,NonBlack,5,05   ,A,45887.0,R    ,28.0,0.0,0,0,0,0,0,0,0,0,170,170,0,28,0,16.47,28,28,16.47
600408754 ,02,Male  ,NonBlack,7,05   ,A,45887.0,R    ,27.0,0.0,0.0,1.0,0.0,0.0,0.0,0.0,0.0,0.0,170,170,0,27,0,15.88,27,27,15.88
600405094 ,05,Male  ,Black   ,10,04   ,A,46097.0,R    ,8.0,0.0,0,0,0,0,0,0,0,0,170,170,0,8,0,4.71,8,8,4.71
600412973 ,02,Female,Black   ,8,04   ,A,45971.0,C    ,10.0,0.0,0,0,0,0,0,0,0,0,170,170,0,10,0,5.88,10,10,5.88
600412329 ,KF,Female,NonBlack,6,03   ,A,45887.0,R    ,2.0,4.0,0.0,2.0,3.0,0.0,0.0,0.0,0.0,0.0,170,170,4,2,2.35,1.18,6,6,3.53
600410050 ,01,Female,Black   ,7,05   ,A,45887.0,R    ,10.0,8.0,0,0,0,0,0,0,0,0,170,170,8,10,4.71,5.88,18,18,10.59
600411528 ,01,Male  ,Black   ,7,05   ,A,45887.0,R    ,6.0,0.0,0,0,0,0,0,0,0,0,170,170,0,6,0,3.53,6,6,3.53
600410138 ,KF,Male  ,NonBlack,6,05   ,A,45887.0,R    ,1.0,0.0,0,0,0,0,0,0,0,0,170,170,0,1,0,0.59,1,1,0.59
600410038 ,04,Male  ,NonBlack,9,03   ,A,45887.0,R    ,4.0,0.0,0,0,0,0,0,0,0,0,170,170,0,4,0,2.35,4,4,2.35
600403721 ,05,Female,Black   ,10,01   ,A,45887.0,R    ,16.0,0.0,1.0,0.0,0.0,0.0,0.0,0.0,0.0,0.0,170,170,0,16,0,9.41,16,16,9.41
600411162 ,01,Male  ,NonBlack,7,04   ,A,45887.0,R    ,9.0,2.0,0,0,0,0,0,0,0,0,170,170,2,9,1.18,5.29,11,11,6.47
600411390 ,03,Male  ,Black   ,8,03   ,A,45887.0,R    ,0.0,0.0,0.0,0.0,1.0,0.0,0.0,0.0,0.0,0.0,170,170,0,0,0,0,0,0,0
600411460 ,01,Male  ,Black   ,7,05   ,A,45887.0,R    ,4.0,1.0,0,0,0,0,0,0,0,0,170,170,1,4,0.59,2.35,5,5,2.94
600412972 ,KF,Male  ,Black   ,6,04   ,A,45971.0,C    ,20.0,0.0,0,0,0,0,0,0,0,0,170,170,0,20,0,11.76,20,20,11.76
600412971 ,KF,Male  ,Black   ,6,04   ,A,45971.0,C    ,20.0,0.0,0.0,1.0,0.0,0.0,0.0,0.0,0.0,0.0,170,170,0,20,0,11.76,20,20,11.76
600411461 ,01,Female,Black   ,7,05   ,A,45887.0,R    ,2.0,1.0,0,0,0,0,0,0,0,0,170,170,1,2,0.59,1.18,3,3,1.76
600411424 ,05,Male  ,Black   ,11,01   ,A,45887.0,R    ,42.0,4.0,0,0,0,0,0,0,0,0,170,170,4,42,2.35,24.71,46,46,27.06
600408945 ,03,Male  ,NonBlack,9,04   ,A,45887.0,R    ,10.0,0.0,0,0,0,0,0,0,0,0,170,170,0,10,0,5.88,10,10,5.88
600412681 ,KF,Male  ,Black   ,6,03   ,A,45887.0,R    ,20.0,6.0,0,0,0,0,0,0,0,0,170,170,6,20,3.53,11.76,26,26,15.29
600407900 ,03,Female,Black   ,8,05   ,A,45887.0,R    ,3.0,0.0,0,0,0,0,0,0,0,0,170,170,0,3,0,1.76,3,3,1.76
600407727 ,04,Female,NonBlack,10,05   ,A,45887.0,R    ,3.0,2.0,0,0,0,0,0,0,0,0,170,170,2,3,1.18,1.76,5,5,2.94
600412698 ,KF,Female,NonBlack,6,04   ,A,45923.0,R    ,4.0,0.0,0,0,0,0,0,0,0,0,170,170,0,4,0,2.35,4,4,2.35
600408606 ,03,Female,NonBlack,9,04   ,A,45923.0,R    ,5.0,3.0,0,0,0,0,0,0,0,0,170,170,3,5,1.76,2.94,8,8,4.71
600409901 ,KF,Male  ,Black   ,6,04   ,A,45887.0,R    ,10.0,0.0,0,0,0,0,0,0,0,0,170,170,0,10,0,5.88,10,10,5.88
600405143 ,04,Male  ,Black   ,10,04   ,A,45887.0,R    ,7.0,1.0,0,0,0,0,0,0,0,0,170,170,1,7,0.59,4.12,8,8,4.71
600404869 ,04,Female,Black   ,10,03   ,A,45887.0,R    ,2.0,0.0,0.0,0.0,1.0,0.0,0.0,0.0,0.0,0.0,170,170,0,2,0,1.18,2,2,1.18
600406554 ,03,Male  ,Black   ,8,03   ,A,45887.0,R    ,21.0,3.0,1.0,3.0,0.0,0.0,0.0,0.0,2.0,0.0,170,170,3,21,1.76,12.35,24,24,14.12
600408894 ,03,Male  ,Black   ,9,04   ,A,45887.0,R    ,7.0,0.0,0.0,0.0,0.0,0.0,0.0,0.0,0.0,1.0,170,170,0,7,0,4.12,7,7,4.12
600409871 ,01,Female,NonBlack,7,04   ,A,45887.0,R    ,7.0,6.0,0,0,0,0,0,0,0,0,170,170,6,7,3.53,4.12,13,13,7.65
600407220 ,03,Male  ,Black   ,9,05   ,A,45887.0,R    ,10.0,2.0,0.0,1.0,0.0,0.0,0.0,0.0,3.0,0.0,170,170,2,10,1.18,5.88,12,12,7.06
600412359 ,KF,Male  ,Black   ,7,03   ,A,45887.0,R    ,3.0,0.0,0,0,0,0,0,0,0,0,170,170,0,3,0,1.76,3,3,1.76
600411160 ,KF,Male  ,Black   ,6,05   ,A,45887.0,S    ,6.0,1.0,0.0,1.0,0.0,0.0,0.0,0.0,0.0,0.0,170,170,1,6,0.59,3.53,7,7,4.12
600408541 ,03,Female,Black   ,8,01   ,A,45887.0,R    ,2.0,0.0,0.0,1.0,0.0,0.0,0.0,0.0,0.0,0.0,170,170,0,2,0,1.18,2,2,1.18
600411203 ,04,Male  ,NonBlack,10,05   ,A,46086.0,R    ,5.0,1.0,0,0,0,0,0,0,0,0,170,170,1,5,0.59,2.94,6,6,3.53
600410604 ,01,Female,NonBlack,6,03   ,A,46006.0,R    ,13.0,0.0,0,0,0,0,0,0,0,0,170,170,0,13,0,7.65,13,13,7.65
600404633 ,04,Male  ,NonBlack,10,03   ,A,46006.0,R    ,14.0,0.0,0,0,0,0,0,0,0,0,170,170,0,14,0,8.24,14,14,8.24
600406214 ,05,Female,NonBlack,11,01   ,A,45887.0,R    ,7.0,2.0,0,0,0,0,0,0,0,0,170,170,2,7,1.18,4.12,9,9,5.29
600413133 ,04,Female,Black   ,9,03   ,A,46077.0,C    ,10.0,0.0,0,0,0,0,0,0,0,0,170,170,0,10,0,5.88,10,10,5.88
600407260 ,02,Male  ,Black   ,8,03   ,A,45887.0,R    ,3.0,0.0,0,0,0,0,0,0,0,0,170,170,0,3,0,1.76,3,3,1.76
600412577 ,KF,Male  ,NonBlack,6,04   ,A,45887.0,R    ,10.0,12.0,0,0,0,0,0,0,0,0,170,170,12,10,7.06,5.88,22,22,12.94
600412700 ,05,Female,NonBlack,11,05   ,A,45887.0,R    ,5.0,0.0,0,0,0,0,0,0,0,0,170,170,0,5,0,2.94,5,5,2.94
600406914 ,04,Female,Black   ,9,03   ,A,45887.0,R    ,5.0,0.0,0,0,0,0,0,0,0,0,170,170,0,5,0,2.94,5,5,2.94
600412324 ,03,Male  ,Black   ,9,04   ,A,45887.0,R    ,4.0,0.0,0.0,1.0,0.0,0.0,0.0,0.0,0.0,0.0,170,170,0,4,0,2.35,4,4,2.35
600409252 ,03,Female,Black   ,9,04   ,A,45887.0,R    ,18.0,0.0,0.0,2.0,2.0,0.0,0.0,0.0,0.0,0.0,170,170,0,18,0,10.59,18,18,10.59
600412284 ,KF,Male  ,Black   ,6,05   ,A,45887.0,R    ,19.0,7.0,0,0,0,0,0,0,0,0,170,170,7,19,4.12,11.18,26,26,15.29
600410449 ,02,Female,Black   ,8,04   ,A,45972.0,R    ,15.0,0.0,0,0,0,0,0,0,0,0,170,170,0,15,0,8.82,15,15,8.82
600412285 ,01,Female,Black   ,7,04   ,A,45887.0,R    ,17.0,2.0,0,0,0,0,0,0,0,0,170,170,2,17,1.18,10,19,19,11.18
600408615 ,04,Female,NonBlack,10,01   ,A,45887.0,R    ,5.0,2.0,0,0,0,0,0,0,0,0,170,170,2,5,1.18,2.94,7,7,4.12
600413207 ,KF,Female,Black   ,5,03   ,A,46125.0,C    ,1.0,0.0,0,0,0,0,0,0,0,0,170,170,0,1,0,0.59,1,1,0.59
600411421 ,01,Female,NonBlack,7,05   ,A,45887.0,R    ,14.0,1.0,0,0,0,0,0,0,0,0,170,170,1,14,0.59,8.24,15,15,8.82
600413038 ,01,Female,Black   ,7,04   ,A,46006.0,C    ,18.0,0.0,0,0,0,0,0,0,0,0,170,170,0,18,0,10.59,18,18,10.59
600410139 ,KF,Male  ,Black   ,6,04   ,A,45887.0,R    ,30.0,2.0,0,0,0,0,0,0,0,0,170,170,2,30,1.18,17.65,32,32,18.82
600405307 ,05,Female,NonBlack,11,03   ,A,45887.0,R    ,11.0,0.0,0,0,0,0,0,0,0,0,170,170,0,11,0,6.47,11,11,6.47
600409294 ,03,Female,NonBlack,8,04   ,A,45887.0,R    ,37.0,7.0,0.0,1.0,0.0,0.0,0.0,0.0,0.0,0.0,170,170,7,37,4.12,21.76,44,44,25.88
600407692 ,04,Male  ,NonBlack,10,04   ,A,45887.0,R    ,5.0,0.0,0,0,0,0,0,0,0,0,170,170,0,5,0,2.94,5,5,2.94
600410574 ,02,Female,NonBlack,8,05   ,A,45887.0,R    ,1.0,5.0,0,0,0,0,0,0,0,0,170,170,5,1,2.94,0.59,6,6,3.53
600412631 ,05,Female,NonBlack,11,04   ,A,45887.0,R    ,29.0,7.0,0.0,0.0,0.0,0.0,0.0,0.0,2.0,0.0,170,170,7,29,4.12,17.06,36,36,21.18
600412629 ,01,Male  ,NonBlack,7,04   ,A,45887.0,R    ,31.0,7.0,0,0,0,0,0,0,0,0,170,170,7,31,4.12,18.24,38,38,22.35
600409005 ,03,Male  ,NonBlack,9,05   ,A,45887.0,R    ,8.0,0.0,0,0,0,0,0,0,0,0,170,170,0,8,0,4.71,8,8,4.71
600410478 ,04,Female,Black   ,10,04   ,A,46112.0,R    ,1.0,0.0,0,0,0,0,0,0,0,0,170,170,0,1,0,0.59,1,1,0.59
600409090 ,02,Male  ,Black   ,8,03   ,A,45887.0,R    ,1.0,2.0,0,0,0,0,0,0,0,0,170,170,2,1,1.18,0.59,3,3,1.76
600410536 ,01,Male  ,Black   ,7,05   ,A,45887.0,R    ,9.0,0.0,0,0,0,0,0,0,0,0,170,170,0,9,0,5.29,9,9,5.29
600410424 ,03,Male  ,Black   ,9,05   ,A,45887.0,R    ,11.0,0.0,0.0,1.0,0.0,0.0,0.0,0.0,0.0,0.0,170,170,0,11,0,6.47,11,11,6.47
600409316 ,03,Female,Black   ,9,04   ,A,45887.0,R    ,23.0,3.0,0,0,0,0,0,0,0,0,170,170,3,23,1.76,13.53,26,26,15.29
600406725 ,05,Male  ,Black   ,12,04   ,A,45887.0,R    ,0.0,1.0,0,0,0,0,0,0,0,0,170,170,1,0,0.59,0,1,1,0.59
600411576 ,01,Male  ,Black   ,7,04   ,A,45887.0,R    ,0.0,1.0,0,0,0,0,0,0,0,0,170,170,1,0,0.59,0,1,1,0.59
600410537 ,01,Male  ,Black   ,7,05   ,A,45887.0,R    ,17.0,0.0,0,0,0,0,0,0,0,0,170,170,0,17,0,10,17,17,10
600410571 ,KF,Male  ,NonBlack,6,04   ,A,45887.0,R    ,44.0,2.0,0,0,0,0,0,0,0,0,170,170,2,44,1.18,25.88,46,46,27.06
600411577 ,01,Male  ,NonBlack,7,03   ,A,45887.0,R    ,11.0,1.0,0,0,0,0,0,0,0,0,170,170,1,11,0.59,6.47,12,12,7.06
600403823 ,05,Male  ,Black   ,10,05   ,A,45887.0,R    ,21.0,3.0,1.0,0.0,2.0,0.0,0.0,0.0,2.0,0.0,170,170,3,21,1.76,12.35,24,24,14.12
600408906 ,05,Male  ,Black   ,11,05   ,A,45887.0,R    ,2.0,2.0,0,0,0,0,0,0,0,0,170,170,2,2,1.18,1.18,4,4,2.35
600408844 ,02,Male  ,Black   ,8,05   ,A,45887.0,R    ,0,0,0,0,0,0,0,0,0,0,170,170,0,0,0,0,0,0,0
600408896 ,03,Female,Black   ,8,01   ,A,45887.0,R    ,4.0,0.0,0,0,0,0,0,0,0,0,170,170,0,4,0,2.35,4,4,2.35
600406571 ,05,Female,Black   ,11,01   ,A,45887.0,R    ,6.0,0.0,0,0,0,0,0,0,0,0,170,170,0,6,0,3.53,6,6,3.53
600412080 ,05,Male  ,NonBlack,11,04   ,A,45952.0,R    ,68.0,0.0,0.0,0.0,2.0,0.0,0.0,0.0,1.0,0.0,170,170,0,68,0,40,68,68,40
600412654 ,03,Male  ,Black   ,9,04   ,A,45887.0,R    ,99.0,0.0,2.0,1.0,2.0,0.0,0.0,0.0,0.0,0.0,170,170,0,99,0,58.24,99,99,58.24
600412655 ,KF,Female,Black   ,6,04   ,A,45887.0,R    ,46.0,1.0,0,0,0,0,0,0,0,0,170,170,1,46,0.59,27.06,47,47,27.65
600410155 ,01,Female,Black   ,7,04   ,A,45887.0,R    ,4.0,0.0,0.0,3.0,5.0,0.0,0.0,0.0,0.0,0.0,170,170,0,4,0,2.35,4,4,2.35
600412308 ,01,Male  ,Black   ,6,05   ,A,45887.0,R    ,7.0,0.0,0,0,0,0,0,0,0,0,170,170,0,7,0,4.12,7,7,4.12
600405310 ,05,Male  ,Black   ,11,04   ,A,45887.0,R    ,46.0,2.0,0.0,0.0,1.0,0.0,0.0,0.0,2.0,0.0,170,170,2,46,1.18,27.06,48,48,28.24
600410371 ,02,Female,Black   ,8,05   ,A,45887.0,R    ,17.0,3.0,0,0,0,0,0,0,0,0,170,170,3,17,1.76,10,20,20,11.76
600413152 ,KF,Male  ,NonBlack,7,04   ,A,46086.0,C    ,18.0,0.0,0,0,0,0,0,0,0,0,170,170,0,18,0,10.59,18,18,10.59
600413151 ,02,Male  ,NonBlack,8,04   ,A,46086.0,C    ,18.0,0.0,0,0,0,0,0,0,0,0,170,170,0,18,0,10.59,18,18,10.59
600410545 ,02,Male  ,NonBlack,8,06   ,A,45999.0,R    ,12.0,0.0,0,0,0,0,0,0,0,0,170,170,0,12,0,7.06,12,12,7.06
600404888 ,05,Male  ,NonBlack,10,04   ,A,45887.0,R    ,14.0,2.0,0.0,0.0,2.0,0.0,0.0,0.0,1.0,0.0,170,170,2,14,1.18,8.24,16,16,9.41
600409329 ,01,Male  ,Black   ,7,01   ,A,45887.0,R    ,5.0,0.0,0,0,0,0,0,0,0,0,170,170,0,5,0,2.94,5,5,2.94
600410569 ,KF,Female,Black   ,6,04   ,A,45887.0,R    ,22.0,1.0,0,0,0,0,0,0,0,0,170,170,1,22,0.59,12.94,23,23,13.53
600408892 ,03,Female,Black   ,9,05   ,A,45887.0,R    ,12.0,4.0,0,0,0,0,0,0,0,0,170,170,4,12,2.35,7.06,16,16,9.41
600410147 ,KF,Male  ,Black   ,6,05   ,A,45887.0,R    ,21.0,6.0,1.0,2.0,1.0,0.0,0.0,0.0,0.0,0.0,170,170,6,21,3.53,12.35,27,27,15.88
600412597 ,KF,Male  ,NonBlack,6,03   ,A,45887.0,R    ,5.0,1.0,0,0,0,0,0,0,0,0,170,170,1,5,0.59,2.94,6,6,3.53
600411545 ,02,Male  ,Black   ,7,04   ,A,45887.0,R    ,8.0,2.0,0,0,0,0,0,0,0,0,170,170,2,8,1.18,4.71,10,10,5.88
600411346 ,01,Male  ,Black   ,7,04   ,A,45887.0,R    ,11.0,5.0,0,0,0,0,0,0,0,0,170,170,5,11,2.94,6.47,16,16,9.41
600407294 ,03,Female,Black   ,9,04   ,A,45887.0,R    ,8.0,0.0,1.0,0.0,0.0,0.0,0.0,0.0,0.0,0.0,170,170,0,8,0,4.71,8,8,4.71
600408149 ,04,Male  ,Black   ,10,03   ,A,45887.0,R    ,27.0,1.0,0,0,0,0,0,0,0,0,170,170,1,27,0.59,15.88,28,28,16.47
600408611 ,03,Female,Black   ,9,05   ,A,45887.0,R    ,4.0,1.0,0.0,0.0,1.0,0.0,0.0,0.0,0.0,0.0,170,170,1,4,0.59,2.35,5,5,2.94
600412357 ,KF,Male  ,Black   ,6,05   ,A,45887.0,R    ,8.0,0.0,0,0,0,0,0,0,0,0,170,170,0,8,0,4.71,8,8,4.71
600408308 ,05,Male  ,Black   ,11,04   ,A,45887.0,R    ,14.0,2.0,0.0,1.0,1.0,0.0,0.0,0.0,0.0,0.0,170,170,2,14,1.18,8.24,16,16,9.41
600413122 ,03,Male  ,Black   ,9,04   ,A,46070.0,C    ,68.0,4.0,1.0,5.0,2.0,0.0,0.0,0.0,1.0,0.0,170,170,4,68,2.35,40,72,72,42.35
600404874 ,04,Female,Black   ,10,02   ,A,45887.0,R    ,1.0,3.0,0,0,0,0,0,0,0,0,170,170,3,1,1.76,0.59,4,4,2.35
600409907 ,KF,Male  ,Black   ,6,02   ,A,45887.0,R    ,1.0,2.0,0,0,0,0,0,0,0,0,170,170,2,1,1.18,0.59,3,3,1.76
600412917 ,01,Male  ,Black   ,7,03   ,A,45943.0,R    ,7.0,0.0,0,0,0,0,0,0,0,0,170,170,0,7,0,4.12,7,7,4.12
600410568 ,KF,Female,Black   ,6,04   ,A,45887.0,R    ,41.0,3.0,0,0,0,0,0,0,0,0,170,170,3,41,1.76,24.12,44,44,25.88
600409013 ,03,Female,Black   ,9,04   ,A,45887.0,R    ,31.0,2.0,0,0,0,0,0,0,0,0,170,170,2,31,1.18,18.24,33,33,19.41
600406770 ,05,Male  ,Black   ,11,04   ,A,45887.0,R    ,60.0,2.0,0.0,3.0,2.0,0.0,0.0,0.0,0.0,0.0,170,170,2,60,1.18,35.29,62,62,36.47
600413003 ,02,Male  ,NonBlack,8,04   ,A,45982.0,C    ,15.0,1.0,0,0,0,0,0,0,0,0,170,170,1,15,0.59,8.82,16,16,9.41
600412979 ,04,Female,NonBlack,10,04   ,A,45973.0,C    ,20.0,1.0,0,0,0,0,0,0,0,0,170,170,1,20,0.59,11.76,21,21,12.35
600411857 ,02,Male  ,Black   ,8,04   ,A,46083.0,S    ,8.0,0.0,0,0,0,0,0,0,0,0,170,170,0,8,0,4.71,8,8,4.71
600406079 ,04,Male  ,NonBlack,10,05   ,A,45887.0,R    ,26.0,2.0,0.0,2.0,3.0,0.0,0.0,0.0,0.0,0.0,170,170,2,26,1.18,15.29,28,28,16.47
600407902 ,03,Male  ,NonBlack,9,04   ,A,46043.0,R    ,11.0,0.0,0.0,2.0,0.0,0.0,0.0,0.0,0.0,0.0,170,170,0,11,0,6.47,11,11,6.47
600412760 ,04,Male  ,Black   ,10,03   ,A,45887.0,R    ,90.0,0.0,0.0,2.0,0.0,0.0,0.0,0.0,3.0,0.0,170,170,0,90,0,52.94,90,90,52.94
600412442 ,05,Male  ,NonBlack,11,04   ,A,45887.0,R    ,13.0,0.0,0.0,0.0,0.0,0.0,0.0,0.0,1.0,0.0,170,170,0,13,0,7.65,13,13,7.65
600404876 ,04,Female,NonBlack,9,03   ,A,45887.0,R    ,8.0,0.0,0,0,0,0,0,0,0,0,170,170,0,8,0,4.71,8,8,4.71
600413021 ,KF,Male  ,Black   ,6,04   ,A,45995.0,C    ,16.0,5.0,0,0,0,0,0,0,0,0,170,170,5,16,2.94,9.41,21,21,12.35
600412784 ,01,Male  ,NonBlack,7,04   ,A,45909.0,C    ,3.0,2.0,0,0,0,0,0,0,0,0,170,170,2,3,1.18,1.76,5,5,2.94
600409144 ,04,Male  ,Black   ,10,05   ,A,45887.0,R    ,5.0,0.0,0,0,0,0,0,0,0,0,170,170,0,5,0,2.94,5,5,2.94
600413020 ,02,Female,Black   ,7,04   ,A,45995.0,C    ,15.0,0.0,0,0,0,0,0,0,0,0,170,170,0,15,0,8.82,15,15,8.82
600403262 ,05,Male  ,NonBlack,11,05   ,A,45887.0,R    ,60.0,12.0,1.0,4.0,4.0,0.0,0.0,0.0,0.0,0.0,170,170,12,60,7.06,35.29,72,72,42.35
600407317 ,02,Male  ,NonBlack,7,05   ,A,45887.0,R    ,16.0,0.0,0,0,0,0,0,0,0,0,170,170,0,16,0,9.41,16,16,9.41
600407672 ,03,Female,Black   ,9,01   ,A,45887.0,R    ,7.0,2.0,0,0,0,0,0,0,0,0,170,170,2,7,1.18,4.12,9,9,5.29
600407792 ,04,Female,NonBlack,10,04   ,A,45887.0,R    ,4.0,2.0,0,0,0,0,0,0,0,0,170,170,2,4,1.18,2.35,6,6,3.53
600406088 ,03,Male  ,Black   ,9,01   ,A,45887.0,R    ,2.0,0.0,0,0,0,0,0,0,0,0,170,170,0,2,0,1.18,2,2,1.18
600408060 ,04,Male  ,Black   ,10,03   ,A,45887.0,R    ,7.0,0.0,0.0,1.0,0.0,0.0,0.0,0.0,0.0,0.0,170,170,0,7,0,4.12,7,7,4.12
600410743 ,05,Male  ,Black   ,11,05   ,A,45938.0,S    ,16.0,1.0,0,0,0,0,0,0,0,0,170,170,1,16,0.59,9.41,17,17,10
600412795 ,KF,Female,Black   ,6,04   ,A,45981.0,R    ,23.0,13.0,0,0,0,0,0,0,0,0,170,170,13,23,7.65,13.53,36,36,21.18
600410194 ,KF,Female,Black   ,6,01   ,A,45887.0,R    ,18.0,1.0,0,0,0,0,0,0,0,0,170,170,1,18,0.59,10.59,19,19,11.18
600406642 ,04,Female,NonBlack,10,05   ,A,45887.0,R    ,7.0,3.0,0,0,0,0,0,0,0,0,170,170,3,7,1.76,4.12,10,10,5.88
600410776 ,01,Male  ,Black   ,8,04   ,A,45887.0,R    ,16.0,4.0,0,0,0,0,0,0,0,0,170,170,4,16,2.35,9.41,20,20,11.76
600411399 ,KF,Male  ,NonBlack,6,02   ,A,45887.0,R    ,7.0,2.0,0,0,0,0,0,0,0,0,170,170,2,7,1.18,4.12,9,9,5.29
600407711 ,04,Female,NonBlack,10,01   ,A,45887.0,R    ,5.0,2.0,0.0,0.0,0.0,0.0,0.0,0.0,1.0,0.0,170,170,2,5,1.18,2.94,7,7,4.12
600411856 ,01,Female,Black   ,7,04   ,A,46083.0,S    ,5.0,1.0,0.0,0.0,0.0,0.0,0.0,0.0,2.0,0.0,170,170,1,5,0.59,2.94,6,6,3.53
600411054 ,04,Female,Black   ,11,05   ,A,45887.0,R    ,3.0,0.0,0,0,0,0,0,0,0,0,170,170,0,3,0,1.76,3,3,1.76
600410152 ,01,Female,Black   ,7,04   ,A,45887.0,R    ,28.0,1.0,0,0,0,0,0,0,0,0,170,170,1,28,0.59,16.47,29,29,17.06
600408968 ,03,Female,Black   ,8,04   ,A,45887.0,R    ,28.0,1.0,0.0,1.0,0.0,0.0,0.0,0.0,0.0,0.0,170,170,1,28,0.59,16.47,29,29,17.06
600412950 ,04,Male  ,Black   ,10,04   ,A,45964.0,C    ,7.0,0.0,0,0,0,0,0,0,0,0,170,170,0,7,0,4.12,7,7,4.12
600412949 ,02,Female,Black   ,8,04   ,A,45964.0,C    ,22.0,2.0,0,0,0,0,0,0,0,0,170,170,2,22,1.18,12.94,24,24,14.12
600411052 ,KF,Male  ,Black   ,5,03   ,A,45887.0,R    ,16.0,2.0,0,0,0,0,0,0,0,0,170,170,2,16,1.18,9.41,18,18,10.59
600411544 ,01,Female,Black   ,7,05   ,A,45887.0,R    ,9.0,0.0,0,0,0,0,0,0,0,0,170,170,0,9,0,5.29,9,9,5.29
600412013 ,02,Female,Black   ,8,01   ,A,45887.0,R    ,9.0,0.0,0,0,0,0,0,0,0,0,170,170,0,9,0,5.29,9,9,5.29
600410881 ,04,Male  ,NonBlack,10,04   ,A,45887.0,R    ,21.0,0.0,0,0,0,0,0,0,0,0,170,170,0,21,0,12.35,21,21,12.35
600408655 ,05,Female,Black   ,11,01   ,A,45887.0,R    ,17.0,0.0,0,0,0,0,0,0,0,0,170,170,0,17,0,10,17,17,10
600411585 ,05,Female,Black   ,11,04   ,A,45887.0,R    ,41.0,8.0,0.0,1.0,0.0,0.0,0.0,0.0,0.0,0.0,170,170,8,41,4.71,24.12,49,49,28.82
600409385 ,05,Female,Black   ,11,05   ,A,45887.0,R    ,11.0,1.0,0,0,0,0,0,0,0,0,170,170,1,11,0.59,6.47,12,12,7.06
600407963 ,04,Male  ,NonBlack,10,05   ,A,45887.0,R    ,8.0,2.0,0,0,0,0,0,0,0,0,170,170,2,8,1.18,4.71,10,10,5.88
600410046 ,KF,Male  ,NonBlack,6,05   ,A,45887.0,R    ,4.0,3.0,0,0,0,0,0,0,0,0,170,170,3,4,1.76,2.35,7,7,4.12
600412659 ,05,Female,NonBlack,11,05   ,A,45887.0,R    ,19.0,14.0,0,0,0,0,0,0,0,0,170,170,14,19,8.24,11.18,33,33,19.41
600408609 ,03,Male  ,NonBlack,8,05   ,A,45887.0,R    ,3.0,2.0,0,0,0,0,0,0,0,0,170,170,2,3,1.18,1.76,5,5,2.94
600412116 ,01,Female,NonBlack,7,05   ,A,45887.0,R    ,17.0,11.0,0,0,0,0,0,0,0,0,170,170,11,17,6.47,10,28,28,16.47
600411634 ,04,Female,NonBlack,9,03   ,A,46122.0,R    ,1.0,0.0,0,0,0,0,0,0,0,0,170,170,0,1,0,0.59,1,1,0.59
